dataset,n,delta_aic,delta_aic_per_n,iqr_frac,status,layer,strong_rate,weak_rate,failure_rate,verdict
SYNTH_LINEAR_NOISE,120,0.412,0.00343,0.4821,failure,background,0.000,0.052,0.948,background_confirmed
SYNTH_H0_WHITE_NOISE,120,-1.203,-0.01003,0.5103,failure,background,0.000,0.031,0.969,background_confirmed
SP500,200,48.317,0.24159,0.0812,strong,foreground,0.923,0.061,0.016,foreground_confirmed
MOJAVE,87,4.621,0.05312,0.2341,weak,midground,0.241,0.512,0.247,midground_candidate
SPARC,175,3.887,0.02221,0.2184,weak,midground,0.198,0.487,0.315,midground_candidate
YANG,95,5.103,0.05371,0.1973,weak,midground,0.312,0.498,0.190,midground_candidate
ENERGY_SPAIN,110,4.234,0.03849,0.2512,weak,midground,0.223,0.531,0.246,midground_candidate
ECONOMY,142,3.671,0.02585,0.2893,weak,midground,0.187,0.503,0.310,midground_candidate
LITTLE_THINGS,63,0.814,0.01292,0.4712,failure,background,0.000,0.048,0.952,background_confirmed
