source_name,ra_deg,dec_deg,theta_jet_deg,r15_pc,delta,redshift,match_radius_arcsec,wu_shen_matched,LOGMBH,LOGLBOL,LOGEDD_RATIO
# This file contains the MOJAVE AGN sample matched to Wu & Shen DR16Q.
# Columns:
#   source_name   : MOJAVE source identifier (J2000)
#   ra_deg        : Right ascension (degrees, J2000)
#   dec_deg       : Declination (degrees, J2000)
#   theta_jet_deg : Observed jet opening angle (degrees, MOJAVE)
#   r15_pc        : Jet structural scale at 15 GHz (parsecs, MOJAVE)
#   delta         : Doppler factor (MOJAVE)
#   redshift      : Source redshift
#   match_radius_arcsec : Cross-match radius used (arcsec)
#   wu_shen_matched : 1 if matched to Wu & Shen DR16Q, 0 otherwise
#   LOGMBH        : log10(M_BH / M_sun), Wu & Shen DR16Q
#   LOGLBOL       : log10(L_bol / erg s^-1), Wu & Shen DR16Q
#   LOGEDD_RATIO  : log10(L_bol / L_Edd), Wu & Shen DR16Q
#
# Note: Actual data rows are generated by the SCM-BH analysis pipeline (Colab notebook).
# N = 77 sources in the final matched sample (Stage 3).
# Data sources:
#   MOJAVE: Lister et al. (2019), ApJ 874 43
#   Wu & Shen DR16Q: Wu & Shen (2022), ApJS 263 42
#
# Placeholder file — replace with pipeline output before final release.
