source_id,ra,dec,theta_jet,r15,delta,theta_pred,residual_theta,logr15,failure_type,bin,geom_pred,I_BH,coupling,logr15_sq,regime,regime_bin,energy_proxy,res_abs
0003-066,1.55789,-6.39315,16.5,8.8,5.1,19.34288320452176,-2.842883204521762,0.9444826721501688,normal,4,98.64870249837988,98.64870249837988,4.8168616,0.8920475,LOW,0,98.64870434306096,2.842883204521762
0016+731,4.94078,73.45834,31.0,1.9,7.8,30.3416765429816,0.6583234570184011,0.2787536009528289,normal,1,236.665082822472,236.665082822472,2.1742783,0.07770357,LOW,0,236.66507703525647,0.6583234570184011
0059+581,15.69068,58.40309,26.9,4.0,21.9,25.00019374600497,1.8998058725252989,0.6020599913279624,normal,2,547.5042335006918,547.5042335006918,13.185114,0.36247626,LOW,0,547.5042430375088,1.8998058725252989
0106+013,17.1615,1.5834,24.1,4.1,18.2,24.823020799469013,-0.7230204179992867,0.6127838567197355,normal,2,451.778997488798,451.778997488798,11.152666,0.37550405,LOW,0,451.778978550336,0.7230204179992867
0133+476,24.24414,47.85808,28.4,3.9,20.5,25.181853230394253,3.21814638813602,0.5910646070264992,normal,2,516.2279912230822,516.2279912230822,12.116825,0.3493574,LOW,0,516.2279912230822,3.21814638813602
0202+149,31.21006,15.2364,21.0,7.5,15.0,20.489823868412355,0.5101761315876452,0.8750612633917001,normal,4,307.3473580261853,307.3473580261853,13.125919,0.7657322,LOW,0,307.3473580261853,0.5101761315876452
0212+735,34.37839,73.82573,11.6,17.0,8.4,14.61831265655151,-3.018312275081783,1.230448921378274,normal,6,122.79382073858896,122.79382073858896,10.335771,1.5140046,HIGH,1,122.79382631503267,3.018312275081783
0215+015,34.45398,1.74714,37.5,5.1,27.1,23.257015244644773,14.242984755355227,0.7075701760979364,over_open,3,630.2651220017206,630.2651220017206,19.175152,0.5006556,LOW,0,630.2651131298734,14.242984755355227
0234+285,39.46836,28.8025,23.2,12.2,16.0,16.998870035424332,6.201130727515121,1.0863598306747482,normal,5,271.9819205667893,271.9819205667893,17.381758,1.1801777,HIGH,1,271.9819205667893,6.201130727515121
0238-084,40.26999,-8.25576,12.5,14.1,0.3,15.960344845287764,-3.4603448452877643,1.14921911265538,normal,5,4.7881036438484665,4.7881036438484665,0.34476575,1.3207047,HIGH,1,4.788103453586329,3.4603448452877643
0333+321,54.12545,32.30815,9.2,12.2,22.0,16.998870035424332,-7.798870226159195,1.0863598306747482,normal,5,373.9751407793353,373.9751407793353,23.899918,1.1801777,HIGH,1,373.9751407793353,7.798870226159195
0336-019,54.87891,-1.77661,29.6,5.0,17.2,23.39910240163378,6.200897979835947,0.6989700043360189,normal,3,402.4645791601994,402.4645791601994,12.0222845,0.4885591,LOW,0,402.464561308101,6.200897979835947
0415+379,64.58865,38.02661,7.9,10.9,2.0,17.807319340799292,-9.90731924543186,1.0374264979406236,over_collimated,5,35.614638681598585,35.614638681598585,2.074853,1.0762537,HIGH,1,35.614638681598585,9.90731924543186
0420-014,65.81584,-1.34252,25.2,5.2,19.7,23.11768736752078,2.082313395418673,0.7160033436347992,normal,3,455.4184587775552,455.4184587775552,14.105267,0.5126608,LOW,0,455.41844114015936,2.082313395418673
0430+052,68.29623,5.35434,9.6,21.0,2.1,13.10213662365787,-3.5021362421881435,1.3222192947339193,normal,6,27.514485660164407,27.514485660164407,2.7766602,1.7482637,HIGH,1,27.51448690968153,3.5021362421881435
0458-020,75.30337,-1.98729,22.1,8.5,15.7,19.591758037400105,2.5082423440696218,0.9294189257142929,normal,4,307.59059745035034,307.59059745035034,14.591877,0.86381954,LOW,0,307.5906011871816,2.5082423440696218
0528+134,82.73507,13.53199,18.4,6.1,30.9,21.972315416272927,-3.572315797742654,0.785329835010767,normal,3,678.9445379810603,678.9445379810603,24.266691,0.6167429,LOW,0,678.9445463628334,3.572315797742654
0605-085,17.125,-0.6,19.5,8.1,7.5,19.937615353585368,-0.4376153535853682,0.9084850188786496,normal,4,149.53211515189025,149.53211515189025,6.8136377,0.8253451,LOW,0,149.53211515189025,0.4376153535853682
0642+449,101.63344,44.85461,18.5,2.0,10.6,29.97363863447672,-11.47363863447672,0.3010299956639812,over_collimated,1,317.720580959489,317.720580959489,3.1909182,0.090619065,LOW,0,317.72056952545324,11.47363863447672
0716+714,110.4727,71.34343,19.7,4.9,10.8,23.544060115655803,-3.84405935271635,0.6901960800285137,normal,3,254.27585373975572,254.27585373975572,7.454118,0.47637066,LOW,0,254.27584924908268,3.84405935271635
0735+178,114.53081,17.70528,24.9,5.0,4.5,23.39910240163378,1.5008972168964938,0.6989700043360189,normal,3,105.295960807352,105.295960807352,3.145365,0.4885591,LOW,0,105.295960807352,1.5008972168964938
0736+017,114.82514,1.61795,16.9,14.8,8.5,15.612691338355257,1.2873082801750186,1.1702617153949575,normal,5,132.70787637601967,132.70787637601967,9.947225,1.3695126,HIGH,1,132.70787637601967,1.2873082801750186
0754+100,119.27768,9.94301,16.5,7.0,5.5,20.9848595529742,-4.484859552974193,0.8450980400142568,normal,4,115.41672754135806,115.41672754135806,4.648039,0.71419066,LOW,0,115.41672754135809,4.484859552974193
0804+499,122.16528,49.84348,42.3,4.8,35.2,23.69200655715474,18.60799267990581,0.6812412373755872,over_open,3,833.9586488874135,833.9586488874135,23.979692,0.46408966,LOW,0,833.958630811847,18.60799267990581
0805-077,122.06473,-7.85275,24.6,22.4,14.9,12.639062105155592,11.960938276314137,1.3502480183341627,over_open,6,188.3220205453988,188.3220205453988,20.118694,1.8231696,HIGH,1,188.3220253668183,11.960938276314137
0827+243,127.71703,24.18328,22.1,7.1,13.0,20.88308230390612,1.216918077563605,0.8512583487190752,normal,4,271.4800699507796,271.4800699507796,11.066359,0.7246408,LOW,0,271.4800699507796,1.216918077563605
0836+710,130.3515,70.8951,8.4,16.5,16.1,14.832512342175445,-6.432512723645171,1.2174839442139065,normal,6,238.80345436717909,238.80345436717909,19.601492,1.4822673,HIGH,1,238.80344870902468,6.432512723645171
0851+202,133.70365,20.10851,30.5,4.7,16.8,23.843068759357784,6.656931240642216,0.6720978579357175,normal,3,400.5635369663929,400.5635369663929,11.291244,0.45171553,LOW,0,400.5635551572108,6.656931240642216
0923+392,141.76256,39.03913,13.8,3.9,4.3,25.181853230394253,-11.38185303965939,0.5910646070264992,over_collimated,2,108.28197369375262,108.28197369375262,2.541578,0.3493574,LOW,0,108.28196889069528,11.38185303965939
0945+408,147.23058,40.66239,15.0,14.6,6.3,15.710313911566622,-0.7103139115666224,1.1643528557844371,normal,5,98.9749806393743,98.9749806393743,7.3354235,1.3557177,HIGH,1,98.97497764286972,0.7103139115666224
1055+018,164.62335,1.56634,25.5,9.8,12.1,18.570615719560905,6.929384280439095,0.9912260756924948,normal,4,224.70445729081464,224.70445729081464,11.993835,0.98252916,LOW,0,224.70445020668691,6.929384280439095
1127-145,172.52936,-14.82428,14.7,15.3,21.9,15.37429231532845,-0.6742925060633134,1.1846914308175989,normal,5,336.69699584086595,336.69699584086595,25.944742,1.4034938,HIGH,1,336.697001705693,0.6742925060633134
1156+295,179.88264,29.24551,23.1,9.3,28.2,18.94636424953012,4.15363613193961,0.9684829485539352,normal,4,534.2874862916781,534.2874862916781,27.31122,0.93795925,LOW,0,534.2874718367493,4.15363613193961
1222+216,186.22692,21.37956,14.8,18.1,5.2,14.16843974614001,0.6315604445948537,1.2576785748691846,normal,6,73.67588397751263,73.67588397751263,6.5399284,1.5817555,HIGH,1,73.67588667992806,0.6315604445948537
1226+023,187.2779,2.05241,6.6,23.5,16.8,12.2950876380431,-5.695087733410531,1.3710678622717365,normal,6,206.55746293871664,206.55746293871664,23.03394,1.8798271,HIGH,1,206.5574723191241,5.695087733410531
1253-055,194.04653,-5.78931,11.6,7.9,23.8,20.11700399594441,-8.517003614474685,0.8976270912904414,over_collimated,4,478.784679755421,478.784679755421,21.363525,0.80573446,LOW,0,478.7846951034769,8.517003614474685
1308+326,197.61943,32.3455,37.3,6.2,15.3,21.85564376750524,15.444355469555308,0.7923916894982539,over_open,3,334.3913538114634,334.3913538114634,12.123592,0.62788457,LOW,0,334.39134964283016,15.444355469555308
1413+135,213.99507,13.33992,11.1,35.9,12.1,9.254705890592966,1.8452944908767608,1.5550944485783191,normal,8,111.981944806565,111.981944806565,18.816645,2.4183187,HIGH,1,111.98194127617488,1.8452944908767608
1502+106,226.10408,10.49422,37.6,6.5,11.9,21.516596023149585,16.08340245097151,0.8129133566428556,over_open,3,256.0474844675501,256.0474844675501,9.673669,0.6608281,LOW,0,256.04749267548004,16.08340245097151
1510-089,228.21055,-9.09995,19.3,5.0,16.5,23.39910240163378,-4.099103164573233,0.6989700043360189,normal,3,386.0851896269573,386.0851896269573,11.533006,0.4885591,LOW,0,386.0851896269573,4.099103164573233
1538+149,235.20622,14.79608,22.1,9.7,4.3,18.64420833300565,3.4557920484640725,0.9867717342662448,normal,4,80.17009938802484,80.17009938802484,4.2431183,0.9737184,LOW,0,80.1700958319243,3.4557920484640725
1606+106,242.19251,10.48549,24.1,8.1,24.8,19.937615353585368,4.162385027884358,0.9084850188786496,normal,4,494.4528455577238,494.4528455577238,22.530428,0.8253451,LOW,0,494.4528607689172,4.162385027884358
1611+343,243.4211,34.21331,28.4,5.0,13.6,23.39910240163378,5.000897216896494,0.6989700043360189,normal,3,318.2278015882686,318.2278015882686,9.505993,0.4885591,LOW,0,318.2277926622194,5.000897216896494
1633+382,248.8145,38.1346,20.3,6.4,21.3,21.627840694281268,-1.327841457220721,0.8061799739838872,normal,3,460.6729902874581,460.6729902874581,17.171633,0.6499262,LOW,0,460.673006788191,1.327841457220721
1637+574,249.55607,57.33999,14.8,5.9,13.9,22.211509135534943,-7.411508944800083,0.7708520116421442,normal,3,308.73996851091744,308.73996851091744,10.714843,0.59421283,LOW,0,308.7399769839357,7.411508944800083
1641+399,250.745,39.8103,15.9,8.5,7.7,19.591758037400105,-3.691758418869832,0.9294189257142929,normal,4,150.8565331511495,150.8565331511495,7.1565256,0.86381954,LOW,0,150.8565368879808,3.691758418869832
1730-130,263.26127,-13.08043,12.0,28.6,10.6,10.885840100817775,1.1141598991822228,1.4563660331290431,normal,7,115.38990922128689,115.38990922128689,15.437481,2.1210022,HIGH,1,115.3899050686684,1.1141598991822228
1749+096,267.88674,9.6502,34.2,4.8,11.9,23.69200655715474,10.507994205784712,0.6812412373755872,over_open,3,281.93486899235813,281.93486899235813,8.1067705,0.46408966,LOW,0,281.9348780301414,10.507994205784712
1803+784,270.19035,78.46778,21.8,10.0,12.1,18.42565800553888,3.374341231521665,1.0,normal,4,222.9504688958512,222.9504688958512,12.1,1.0,LOW,0,222.9504618670205,3.374341231521665
1807+698,271.71117,69.82447,10.6,13.8,1.1,16.1146557499443,-5.514655368474575,1.1398790864012365,normal,5,17.726121709142063,17.726121709142063,1.253867,1.2993244,HIGH,1,17.726121324938735,5.514655368474575
1823+568,276.02949,56.8504,8.1,9.0,6.3,19.181636679562125,-11.081636298092398,0.9542425094393248,over_collimated,4,120.84431473984824,120.84431473984824,6.0117283,0.9105788,LOW,0,120.8443110812414,11.081636298092398
1828+487,277.38219,48.74638,15.4,18.9,5.6,13.858114312927416,1.5418853056028574,1.276461804173244,normal,6,77.60543883078076,77.60543883078076,7.148186,1.6293548,HIGH,1,77.60544015239353,1.5418853056028574
1849+670,282.31697,67.09491,18.9,9.3,8.1,18.94636424953012,-0.0463646309998431,0.9684829485539352,normal,4,153.46555764865835,153.46555764865835,7.8447123,0.93795925,LOW,0,153.46555042119397,0.0463646309998431
1928+738,291.95206,73.9671,9.1,24.0,1.9,12.144026420593754,-3.0440260391240272,1.380211241711606,normal,7,23.07364990959198,23.07364990959198,2.6224012,1.904983,HIGH,1,23.07365019912813,3.0440260391240272
2121+053,320.93549,5.58947,26.3,3.6,15.2,25.756173404781915,0.5438258322786318,0.5563025007672873,normal,2,391.4938308400849,391.4938308400849,8.455798,0.30947247,LOW,0,391.4938357526851,0.5438258322786318
2134+004,324.1607,0.6984,17.0,3.9,16.0,25.181853230394253,-8.181853230394253,0.5910646070264992,normal,2,402.90965168630805,402.90965168630805,9.457034,0.3493574,LOW,0,402.90965168630805,8.181853230394253
2136+141,324.75546,14.39333,25.3,6.3,8.2,21.74083724224373,3.559161994816812,0.7993405494535817,normal,3,178.274861239663,178.274861239663,6.5545926,0.6389454,LOW,0,178.27486538639857,3.559161994816812
2145+067,327.02274,6.96072,18.0,2.9,15.5,27.307609528627257,-9.307609528627257,0.4623979978989561,over_collimated,2,423.2679476937225,423.2679476937225,7.167169,0.2138119,LOW,0,423.2679476937225,9.307609528627257
2200+420,330.68038,42.27777,24.8,11.7,7.2,17.29913128583163,7.500867951228916,1.0681858617461617,over_open,5,124.5537419584403,124.5537419584403,7.6909375,1.1410209,HIGH,1,124.55374525798774,7.500867951228916
2201+171,330.86206,17.43007,18.0,10.8,10.0,17.873449490711895,0.1265505092881049,1.0334237554869496,normal,5,178.73449490711894,178.73449490711894,10.334238,1.0679647,HIGH,1,178.73449490711894,0.1265505092881049
2201+315,330.8124,31.7606,13.2,8.0,6.6,20.02674934991008,-6.82674954064494,0.9030899869919436,normal,4,132.17654379950685,132.17654379950685,5.960394,0.81557155,LOW,0,132.17654570940653,6.82674954064494
2223-052,336.44691,-4.95039,13.1,6.0,15.9,22.09091521278355,-8.990914831313823,0.7781512503836436,over_collimated,3,351.24554345624307,351.24554345624307,12.372605,0.6055194,LOW,0,351.24555188325843,8.990914831313823
2227-088,337.41702,-8.54845,18.5,5.3,15.8,22.98101340161599,-4.481013401615989,0.724275869600789,normal,3,363.1000161288131,363.1000161288131,11.443559,0.52457553,LOW,0,363.10001174553264,4.481013401615989
2230+114,338.1517,11.7308,12.4,20.8,15.5,13.170797590577283,-0.77079797204701,1.3180633349627615,normal,6,204.14736265394788,204.14736265394788,20.429983,1.7372911,HIGH,1,204.14736265394788,0.77079797204701
2251+158,343.49062,16.14821,13.1,17.1,32.9,14.576230191972105,-1.476229810502378,1.2329961103921538,normal,6,479.5579955574444,479.5579955574444,40.565575,1.5202794,HIGH,1,479.55797331588224,1.476229810502378
