source,galaxy,outer_frac,F3_SCM,F3_SCM_err,R2,n_all,n_used,rmin_used_kpc,rmax_kpc,status,note,file
SPARC,CVnIdwA,0.6,0.13382772501857879,0.054298781406339855,0.2882400443165033,41,17,7.81945,12.832416,ok,ok,data/SPARC/Rotmod/CVnIdwA_rotmod.dat
SPARC,CVnIdwA,0.7,0.1500213919008612,0.08608822250848769,0.21634666320100826,41,13,9.072691,12.832416,ok,ok,data/SPARC/Rotmod/CVnIdwA_rotmod.dat
SPARC,CVnIdwA,0.8,0.3041065204248306,0.12940043862378556,0.44103130260462675,41,9,10.325933,12.832416,ok,ok,data/SPARC/Rotmod/CVnIdwA_rotmod.dat
SPARC,CamB,0.6,0.06572669481195229,0.05101960675714974,0.2932391091436747,15,6,4.601756,6.99162,ok,ok,data/SPARC/Rotmod/CamB_rotmod.dat
SPARC,CamB,0.7,-0.018263116705056964,0.04169748606192844,0.06010207686435698,15,5,5.079729,6.99162,warn,low_r2,data/SPARC/Rotmod/CamB_rotmod.dat
SPARC,CamB,0.8,0.015352552045581211,0.06118419122016713,0.05923313540974062,15,3,6.035674,6.99162,warn,low_r2,data/SPARC/Rotmod/CamB_rotmod.dat
SPARC,DDO064,0.6,0.05727006031595094,0.06419426213500398,0.05769159810869651,36,15,4.30117,6.968616,warn,low_r2,data/SPARC/Rotmod/DDO064_rotmod.dat
SPARC,DDO064,0.7,0.07033138652223526,0.12591395737180167,0.033504857663235965,36,11,5.063297,6.968616,warn,low_r2,data/SPARC/Rotmod/DDO064_rotmod.dat
SPARC,DDO064,0.8,-0.08088589043572188,0.24299073054276726,0.018132913093874325,36,8,5.634893,6.968616,warn,low_r2;high_err,data/SPARC/Rotmod/DDO064_rotmod.dat
SPARC,DDO154,0.6,0.0741986846588337,0.047364014377565336,0.19705272061647283,28,12,9.770466,16.281412,warn,low_r2,data/SPARC/Rotmod/DDO154_rotmod.dat
SPARC,DDO154,0.7,0.09207806363655197,0.07709977051528379,0.16926612910342465,28,9,11.546179,16.281412,warn,low_r2,data/SPARC/Rotmod/DDO154_rotmod.dat
SPARC,DDO154,0.8,0.11698822378579571,0.08384030876867998,0.32739835352177715,28,6,13.321891,16.281412,ok,ok,data/SPARC/Rotmod/DDO154_rotmod.dat
SPARC,DDO161,0.6,0.09578749266932954,0.04722191316758998,0.2915150986720333,28,12,7.288609,12.093277,ok,ok,data/SPARC/Rotmod/DDO161_rotmod.dat
SPARC,DDO161,0.7,-0.039609257761520196,0.03833205747429309,0.13234781400765905,28,9,8.598973,12.093277,warn,low_r2,data/SPARC/Rotmod/DDO161_rotmod.dat
SPARC,DDO161,0.8,-0.09303473831963155,0.0898921191364459,0.21122303222209227,28,6,9.909337,12.093277,ok,ok,data/SPARC/Rotmod/DDO161_rotmod.dat
SPARC,DDO168,0.6,0.06884782888025753,0.04426466944142811,0.13133970496382297,44,18,6.800385,11.050637,warn,low_r2,data/SPARC/Rotmod/DDO168_rotmod.dat
SPARC,DDO168,0.7,0.07865768134851416,0.06992108652646924,0.09539859045513333,44,14,7.800444,11.050637,warn,low_r2,data/SPARC/Rotmod/DDO168_rotmod.dat
SPARC,DDO168,0.8,0.07086771597373138,0.14671613388136368,0.032255501182907986,44,9,9.050518,11.050637,warn,low_r2,data/SPARC/Rotmod/DDO168_rotmod.dat
SPARC,DDO170,0.6,0.022588105928662384,0.06042320202777176,0.033758102892461395,15,6,6.383766,9.763637,warn,low_r2,data/SPARC/Rotmod/DDO170_rotmod.dat
SPARC,DDO170,0.7,0.005866983305770842,0.09567100240341589,0.0012519982587948508,15,5,7.05974,9.763637,warn,low_r2,data/SPARC/Rotmod/DDO170_rotmod.dat
SPARC,DDO170,0.8,0.02766352061885669,0.08290153386476404,0.10019336431557802,15,3,8.411688,9.763637,warn,low_r2,data/SPARC/Rotmod/DDO170_rotmod.dat
SPARC,DDO185,0.6,-0.03367241213906374,0.04397142860440342,0.0402030173896909,38,16,9.288719,15.41739,warn,low_r2,data/SPARC/Rotmod/DDO185_rotmod.dat
SPARC,DDO185,0.7,-0.11462807320431409,0.07629567669828614,0.1841571682057377,38,12,10.923031,15.41739,warn,low_r2,data/SPARC/Rotmod/DDO185_rotmod.dat
SPARC,DDO185,0.8,-0.2585905654698906,0.14730508455316094,0.33933049317856456,38,8,12.557343,15.41739,ok,ok,data/SPARC/Rotmod/DDO185_rotmod.dat
SPARC,DDO187,0.6,0.11607329650315683,0.051674258166379224,0.45679917252192026,19,8,6.788812,10.918056,ok,ok,data/SPARC/Rotmod/DDO187_rotmod.dat
SPARC,DDO187,0.7,0.009377597952443684,0.07063298268813048,0.004387312378705599,19,6,7.968596,10.918056,warn,low_r2,data/SPARC/Rotmod/DDO187_rotmod.dat
SPARC,DDO187,0.8,-0.18077341660705945,0.12114687798488258,0.52680783683663,19,4,9.14838,10.918056,ok,ok,data/SPARC/Rotmod/DDO187_rotmod.dat
SPARC,DDO210,0.6,-0.026164300095264506,0.07687667329615035,0.02814306707280223,15,6,4.17125,6.321945,warn,low_r2,data/SPARC/Rotmod/DDO210_rotmod.dat
SPARC,DDO210,0.7,-0.0960529408198179,0.10813469953589333,0.20823974330024042,15,5,4.601389,6.321945,ok,ok,data/SPARC/Rotmod/DDO210_rotmod.dat
SPARC,DDO210,0.8,0.03419900266042562,0.13605794890626646,0.05942542259676997,15,3,5.461667,6.321945,warn,low_r2,data/SPARC/Rotmod/DDO210_rotmod.dat
SPARC,ESO079-G014,0.6,0.02395080102942419,0.05575778994485816,0.016497261976656685,32,13,4.346787,6.902652,warn,low_r2,data/SPARC/Rotmod/ESO079-G014_rotmod.dat
SPARC,ESO079-G014,0.7,0.17109377055372868,0.05751105745863221,0.5252354238544545,32,10,4.985753,6.902652,ok,ok,data/SPARC/Rotmod/ESO079-G014_rotmod.dat
SPARC,ESO079-G014,0.8,0.2846717199044556,0.10549374051613489,0.5928916162460263,32,7,5.624719,6.902652,ok,ok,data/SPARC/Rotmod/ESO079-G014_rotmod.dat
SPARC,ESO116-G012,0.6,0.035826093009733516,0.04327854337434561,0.036673684675335605,49,20,12.995636,21.313467,warn,low_r2,data/SPARC/Rotmod/ESO116-G012_rotmod.dat
SPARC,ESO116-G012,0.7,0.025462406733690005,0.07711035744893312,0.008317689117133265,49,15,15.184539,21.313467,warn,low_r2,data/SPARC/Rotmod/ESO116-G012_rotmod.dat
SPARC,ESO116-G012,0.8,-0.05454041184764473,0.14464898092955397,0.01746087232673932,49,10,17.373442,21.313467,warn,low_r2,data/SPARC/Rotmod/ESO116-G012_rotmod.dat
SPARC,ESO444-G084,0.6,0.07122193005693327,0.05641444778617321,0.1022100283156333,39,16,12.509207,20.471734,warn,low_r2,data/SPARC/Rotmod/ESO444-G084_rotmod.dat
SPARC,ESO444-G084,0.7,0.01527153996528877,0.09482569272821115,0.0025869537390700303,39,12,14.632548,20.471734,warn,low_r2,data/SPARC/Rotmod/ESO444-G084_rotmod.dat
SPARC,ESO444-G084,0.8,0.2538524289347213,0.18211911090311722,0.24460888393030822,39,8,16.755888,20.471734,ok,ok,data/SPARC/Rotmod/ESO444-G084_rotmod.dat
SPARC,F561-1,0.6,0.015556618457995936,0.03649580752003386,0.012811981000833805,40,16,10.568024,16.985539,warn,low_r2,data/SPARC/Rotmod/F561-1_rotmod.dat
SPARC,F561-1,0.7,0.013033715397321238,0.0684819336123264,0.003609226487045092,40,12,12.279361,16.985539,warn,low_r2,data/SPARC/Rotmod/F561-1_rotmod.dat
SPARC,F561-1,0.8,0.04306338581895712,0.13967876783457375,0.015594743247049458,40,8,13.990698,16.985539,warn,low_r2,data/SPARC/Rotmod/F561-1_rotmod.dat
SPARC,F563-1,0.6,0.0892320269048093,0.05996032440863648,0.13658557433406493,39,16,5.974319,9.674962,warn,low_r2,data/SPARC/Rotmod/F563-1_rotmod.dat
SPARC,F563-1,0.7,0.08405494327180583,0.10684449702904582,0.05828309013140176,39,12,6.961157,9.674962,warn,low_r2,data/SPARC/Rotmod/F563-1_rotmod.dat
SPARC,F563-1,0.8,-0.010087770810139958,0.17739706053946738,0.0005386570217899012,39,8,7.947995,9.674962,warn,low_r2,data/SPARC/Rotmod/F563-1_rotmod.dat
SPARC,F563-V1,0.6,0.04171553091532784,0.049935897308477945,0.044455890553687705,41,17,13.137496,21.695826,warn,low_r2,data/SPARC/Rotmod/F563-V1_rotmod.dat
SPARC,F563-V1,0.7,0.02962138697460699,0.08746867310470957,0.010318309570464201,41,13,15.277078,21.695826,warn,low_r2,data/SPARC/Rotmod/F563-V1_rotmod.dat
SPARC,F563-V1,0.8,0.29192676115531097,0.16424042842819497,0.31097457700084574,41,9,17.416661,21.695826,ok,ok,data/SPARC/Rotmod/F563-V1_rotmod.dat
SPARC,F563-V2,0.6,0.0598052430814258,0.05392972278785793,0.10055508339336561,31,13,11.233949,18.523248,warn,low_r2,data/SPARC/Rotmod/F563-V2_rotmod.dat
SPARC,F563-V2,0.7,0.06312842426732299,0.0907130502522771,0.057081394650807527,31,10,13.056274,18.523248,warn,low_r2,data/SPARC/Rotmod/F563-V2_rotmod.dat
SPARC,F563-V2,0.8,-0.11655065341281827,0.1316145787730214,0.13557476525331746,31,7,14.878599,18.523248,warn,low_r2,data/SPARC/Rotmod/F563-V2_rotmod.dat
SPARC,F565-V2,0.6,0.0344491627908996,0.04383923973786849,0.10992307154694403,16,7,10.641763,17.536271,warn,low_r2,data/SPARC/Rotmod/F565-V2_rotmod.dat
SPARC,F565-V2,0.7,-0.05940835535326066,0.07979383958535285,0.15595541718875305,16,5,12.939932,17.536271,warn,low_r2,data/SPARC/Rotmod/F565-V2_rotmod.dat
SPARC,F565-V2,0.8,-0.05943268148165354,0.14390053967814334,0.07858690569656612,16,4,14.089017,17.536271,warn,low_r2,data/SPARC/Rotmod/F565-V2_rotmod.dat
SPARC,F567-2,0.6,-0.07097279141673785,0.04670969732014527,0.12609907065456627,43,18,7.891035,13.052939,warn,low_r2,data/SPARC/Rotmod/F567-2_rotmod.dat
SPARC,F567-2,0.7,-0.03822045345298581,0.07130247147822971,0.02545606328852823,43,13,9.409242,13.052939,warn,low_r2,data/SPARC/Rotmod/F567-2_rotmod.dat
SPARC,F567-2,0.8,-0.13023152522375248,0.14395466369987756,0.10467941890010013,43,9,10.623807,13.052939,warn,low_r2,data/SPARC/Rotmod/F567-2_rotmod.dat
SPARC,F568-1,0.6,-0.029603606543479623,0.06545240783402484,0.020046721703774306,29,12,6.25398,10.106555,warn,low_r2,data/SPARC/Rotmod/F568-1_rotmod.dat
SPARC,F568-1,0.7,-0.003930406983760513,0.11806654869021242,0.00015829037908032806,29,9,7.304682,10.106555,warn,low_r2,data/SPARC/Rotmod/F568-1_rotmod.dat
SPARC,F568-1,0.8,-0.18498107448197063,0.26335414250173106,0.10979989778169219,29,6,8.355384,10.106555,warn,low_r2;high_err,data/SPARC/Rotmod/F568-1_rotmod.dat
SPARC,F568-3,0.6,0.04634834855792559,0.06283799838953243,0.04712662619218255,31,13,4.42905,7.18175,warn,low_r2,data/SPARC/Rotmod/F568-3_rotmod.dat
SPARC,F568-3,0.7,-0.042177264359844244,0.10413613141527382,0.020093182457440406,31,10,5.117225,7.18175,warn,low_r2,data/SPARC/Rotmod/F568-3_rotmod.dat
SPARC,F568-3,0.8,-0.2102835933093849,0.18939566106423641,0.1977843243881473,31,7,5.8054,7.18175,warn,low_r2,data/SPARC/Rotmod/F568-3_rotmod.dat
SPARC,F568-V1,0.6,-0.08400592147015783,0.06143878521838492,0.17199801283908422,26,11,12.6912,20.951999,warn,low_r2,data/SPARC/Rotmod/F568-V1_rotmod.dat
SPARC,F568-V1,0.7,-0.1673142231763823,0.12430656000418337,0.23191779755160757,26,8,15.16944,20.951999,ok,ok,data/SPARC/Rotmod/F568-V1_rotmod.dat
SPARC,F568-V1,0.8,-0.24800027990379156,0.24211442713168171,0.20779708418819853,26,6,16.821599,20.951999,warn,high_err,data/SPARC/Rotmod/F568-V1_rotmod.dat
SPARC,F571-8,0.6,-0.08188434351410075,0.06647271634319024,0.23282899636403287,18,7,8.789807,13.420611,ok,ok,data/SPARC/Rotmod/F571-8_rotmod.dat
SPARC,F571-8,0.7,0.0027154606497546262,0.07280428958573758,0.000347665890084059,18,6,9.561608,13.420611,warn,low_r2,data/SPARC/Rotmod/F571-8_rotmod.dat
SPARC,F571-8,0.8,-0.05170481498559419,0.1595476091881408,0.049891284102190236,18,4,11.105209,13.420611,warn,low_r2,data/SPARC/Rotmod/F571-8_rotmod.dat
SPARC,F574-1,0.6,0.028722971388163588,0.0346100489642546,0.0368531248653986,47,20,5.510558,9.177246,warn,low_r2,data/SPARC/Rotmod/F574-1_rotmod.dat
SPARC,F574-1,0.7,0.006424305835953775,0.06532055839711005,0.0007435090583335358,47,15,6.475476,9.177246,warn,low_r2,data/SPARC/Rotmod/F574-1_rotmod.dat
SPARC,F574-1,0.8,-0.10660536702575847,0.13990484111242224,0.06766653530188937,47,10,7.440394,9.177246,warn,low_r2,data/SPARC/Rotmod/F574-1_rotmod.dat
SPARC,F574-2,0.6,0.0255280171771564,0.05151625735404191,0.016106544302170844,41,17,6.721792,11.002987,warn,low_r2,data/SPARC/Rotmod/F574-2_rotmod.dat
SPARC,F574-2,0.7,0.06666865216536176,0.0868010508490907,0.05089943161238197,41,13,7.792091,11.002987,warn,low_r2,data/SPARC/Rotmod/F574-2_rotmod.dat
SPARC,F574-2,0.8,0.1200317833486094,0.18551457696961593,0.056430302901866236,41,9,8.862389,11.002987,warn,low_r2,data/SPARC/Rotmod/F574-2_rotmod.dat
SPARC,F579-V1,0.6,-0.09642000792736491,0.04633681944325451,0.24985314703618344,36,15,9.547867,15.713112,ok,ok,data/SPARC/Rotmod/F579-V1_rotmod.dat
SPARC,F579-V1,0.7,-0.039369730627412565,0.06247423295278057,0.04225987374593165,36,11,11.309366,15.713112,warn,low_r2,data/SPARC/Rotmod/F579-V1_rotmod.dat
SPARC,F579-V1,0.8,-0.008546778167055206,0.12551417294434805,0.0007722049516263318,36,8,12.63049,15.713112,warn,low_r2,data/SPARC/Rotmod/F579-V1_rotmod.dat
SPARC,F583-1,0.6,0.04935453205723291,0.061173727659731725,0.06744592298162044,27,11,5.614567,8.936172,warn,low_r2,data/SPARC/Rotmod/F583-1_rotmod.dat
SPARC,F583-1,0.7,0.014941977500495425,0.08063732760085096,0.0048811350398692,27,9,6.278888,8.936172,warn,low_r2,data/SPARC/Rotmod/F583-1_rotmod.dat
SPARC,F583-1,0.8,0.25061639375482003,0.1254240925414031,0.49953777138359046,27,6,7.27537,8.936172,ok,ok,data/SPARC/Rotmod/F583-1_rotmod.dat
SPARC,F583-4,0.6,-0.03491110373534272,0.04595412015511854,0.034815188006486086,43,18,12.358412,20.558132,warn,low_r2,data/SPARC/Rotmod/F583-4_rotmod.dat
SPARC,F583-4,0.7,-0.1811158208546539,0.07739389709255268,0.33238056995584997,43,13,14.770095,20.558132,ok,ok,data/SPARC/Rotmod/F583-4_rotmod.dat
SPARC,F583-4,0.8,-0.23693432273498155,0.17249505773599574,0.21230595095679083,43,9,16.699441,20.558132,ok,ok,data/SPARC/Rotmod/F583-4_rotmod.dat
SPARC,IC2574,0.6,0.11229151524319772,0.04898675939961436,0.32326687895212525,32,13,11.733818,18.955177,ok,ok,data/SPARC/Rotmod/IC2574_rotmod.dat
SPARC,IC2574,0.7,0.10661163303818427,0.0746135098132782,0.20331555376835486,32,10,13.539158,18.955177,ok,ok,data/SPARC/Rotmod/IC2574_rotmod.dat
SPARC,IC2574,0.8,0.11137988947020824,0.12074752447547277,0.1454244850632409,32,7,15.344497,18.955177,warn,low_r2,data/SPARC/Rotmod/IC2574_rotmod.dat
SPARC,KK98-251,0.6,0.008433409266406795,0.08704661707818552,0.0010418551456855552,28,11,11.668511,18.35587,warn,low_r2,data/SPARC/Rotmod/KK98-251_rotmod.dat
SPARC,KK98-251,0.7,0.13266315331838413,0.12075599376825745,0.14706263392348817,28,9,13.005983,18.35587,warn,low_r2,data/SPARC/Rotmod/KK98-251_rotmod.dat
SPARC,KK98-251,0.8,0.4159882100666991,0.19943291112183484,0.5210035543543929,28,6,15.012191,18.35587,ok,ok,data/SPARC/Rotmod/KK98-251_rotmod.dat
SPARC,LITTLE_THINGS_IC10,0.6,-0.09888649983941607,0.05798535032538672,0.22530393999336584,29,12,8.33568,13.535237,ok,ok,data/SPARC/Rotmod/LITTLE_THINGS_IC10_rotmod.dat
SPARC,LITTLE_THINGS_IC10,0.7,-0.09637824999314701,0.10858382889839639,0.10116069078361156,29,9,9.753741,13.535237,warn,low_r2,data/SPARC/Rotmod/LITTLE_THINGS_IC10_rotmod.dat
SPARC,LITTLE_THINGS_IC10,0.8,-0.3154711379861294,0.15237549707873665,0.5172791998151604,29,6,11.171802,13.535237,ok,ok,data/SPARC/Rotmod/LITTLE_THINGS_IC10_rotmod.dat
SPARC,Mrk0033,0.6,0.05851393964601774,0.06585563503343345,0.08064433107580415,27,11,18.291467,29.536134,warn,low_r2,data/SPARC/Rotmod/Mrk0033_rotmod.dat
SPARC,Mrk0033,0.7,0.0009592297717874235,0.11172669477189476,1.2284990104971527e-05,27,8,21.664867,29.536134,warn,low_r2,data/SPARC/Rotmod/Mrk0033_rotmod.dat
SPARC,Mrk0033,0.8,-0.11719729385847384,0.1385860178633169,0.1516704393719328,27,6,23.9138,29.536134,warn,low_r2,data/SPARC/Rotmod/Mrk0033_rotmod.dat
SPARC,NGC0024,0.6,0.07027282528211883,0.04752331301609739,0.26709143307187466,20,8,10.795933,16.918561,ok,ok,data/SPARC/Rotmod/NGC0024_rotmod.dat
SPARC,NGC0024,0.7,0.1430556262809568,0.06616278896413305,0.5389052786023418,20,6,12.545255,16.918561,ok,ok,data/SPARC/Rotmod/NGC0024_rotmod.dat
SPARC,NGC0024,0.8,0.2823245835186784,0.14570140399770956,0.6524552111692371,20,4,14.294577,16.918561,ok,ok,data/SPARC/Rotmod/NGC0024_rotmod.dat
SPARC,NGC0055,0.6,0.04179793029611771,0.13978600365119737,0.02186359670614102,15,6,10.552691,16.248631,warn,low_r2,data/SPARC/Rotmod/NGC0055_rotmod.dat
SPARC,NGC0055,0.7,0.06103734505961888,0.22327317590022153,0.024305839231277382,15,5,11.691879,16.248631,warn,low_r2;high_err,data/SPARC/Rotmod/NGC0055_rotmod.dat
SPARC,NGC0055,0.8,0.49450937684800017,0.4213207890728461,0.5794078905060056,15,3,13.970255,16.248631,warn,high_err,data/SPARC/Rotmod/NGC0055_rotmod.dat
SPARC,NGC0055b,0.6,0.13432602914181865,0.08606508399252337,0.2130073256367896,27,11,14.004428,22.569695,ok,ok,data/SPARC/Rotmod/NGC0055b_rotmod.dat
SPARC,NGC0055b,0.7,0.1174773125777146,0.12979388449699827,0.1201337306491822,27,8,16.574008,22.569695,warn,low_r2,data/SPARC/Rotmod/NGC0055b_rotmod.dat
SPARC,NGC0055b,0.8,-0.030398265808867828,0.23051065265511575,0.004328840181159865,27,6,18.287062,22.569695,warn,low_r2;high_err,data/SPARC/Rotmod/NGC0055b_rotmod.dat
SPARC,NGC0100,0.6,0.17335246722455758,0.06430359343640127,0.37719201706698224,33,14,10.471539,17.431013,ok,ok,data/SPARC/Rotmod/NGC0100_rotmod.dat
SPARC,NGC0100,0.7,0.29287217545207955,0.09669366968584474,0.5341803787960635,33,10,12.612916,17.431013,ok,ok,data/SPARC/Rotmod/NGC0100_rotmod.dat
SPARC,NGC0100,0.8,0.07615526431093483,0.14748137524824004,0.05062812674302675,33,7,14.218948,17.431013,warn,low_r2,data/SPARC/Rotmod/NGC0100_rotmod.dat
SPARC,NGC0247,0.6,0.04202669539543334,0.050975248360453376,0.038446457926380906,45,19,4.781354,7.883829,warn,low_r2,data/SPARC/Rotmod/NGC0247_rotmod.dat
SPARC,NGC0247,0.7,0.02894954674574999,0.07826711855071222,0.011272499228478616,45,14,5.643152,7.883829,warn,low_r2,data/SPARC/Rotmod/NGC0247_rotmod.dat
SPARC,NGC0247,0.8,-0.1614842769413625,0.1269757196876052,0.16817489233572724,45,10,6.332592,7.883829,warn,low_r2,data/SPARC/Rotmod/NGC0247_rotmod.dat
SPARC,NGC0247b,0.6,0.09691793303480761,0.0572059513669533,0.16061801260163866,42,17,11.782546,19.131376,warn,low_r2,data/SPARC/Rotmod/NGC0247b_rotmod.dat
SPARC,NGC0247b,0.7,0.19147098505745916,0.07428301879537738,0.37655710608066184,42,13,13.619754,19.131376,ok,ok,data/SPARC/Rotmod/NGC0247b_rotmod.dat
SPARC,NGC0247b,0.8,0.24849864006629233,0.11097873389064646,0.41733756653021437,42,9,15.456961,19.131376,ok,ok,data/SPARC/Rotmod/NGC0247b_rotmod.dat
SPARC,NGC0253,0.6,0.05075152502458487,0.0792081518714337,0.09308214721780361,14,6,8.473327,13.581657,warn,low_r2,data/SPARC/Rotmod/NGC0253_rotmod.dat
SPARC,NGC0253,0.7,0.3178268604155372,0.08400725096309566,0.8774025991506781,14,4,10.516659,13.581657,ok,ok,data/SPARC/Rotmod/NGC0253_rotmod.dat
SPARC,NGC0253,0.8,0.16227554440912856,0.020856831457468698,0.9837491940931403,14,3,11.538325,13.581657,ok,ok,data/SPARC/Rotmod/NGC0253_rotmod.dat
SPARC,NGC0300,0.6,0.14985691974765272,0.05531245902110011,0.31448734024641434,44,18,4.523505,7.285027,ok,ok,data/SPARC/Rotmod/NGC0300_rotmod.dat
SPARC,NGC0300,0.7,0.11054489987443339,0.09487270515352574,0.10163986488266952,44,14,5.173275,7.285027,warn,low_r2,data/SPARC/Rotmod/NGC0300_rotmod.dat
SPARC,NGC0300,0.8,0.16738114559000156,0.22160587065379103,0.07535748049110957,44,9,5.985487,7.285027,warn,low_r2;high_err,data/SPARC/Rotmod/NGC0300_rotmod.dat
SPARC,NGC0801,0.6,0.01778749155044137,0.0497449015224424,0.007927852058114526,43,18,9.07386,15.040085,warn,low_r2,data/SPARC/Rotmod/NGC0801_rotmod.dat
SPARC,NGC0801,0.7,0.015258594525295908,0.08385782003423778,0.0030008482347901877,43,13,10.828632,15.040085,warn,low_r2,data/SPARC/Rotmod/NGC0801_rotmod.dat
SPARC,NGC0801,0.8,-0.14081656266302378,0.16029220687370105,0.09930319950251598,43,9,12.23245,15.040085,warn,low_r2,data/SPARC/Rotmod/NGC0801_rotmod.dat
SPARC,NGC0891,0.6,0.10558822241483867,0.07110870235572636,0.23953401897266358,22,9,7.737571,12.314537,ok,ok,data/SPARC/Rotmod/NGC0891_rotmod.dat
SPARC,NGC0891,0.7,-0.08759328741959517,0.061426801001609466,0.28910770085872906,22,7,8.881812,12.314537,ok,ok,data/SPARC/Rotmod/NGC0891_rotmod.dat
SPARC,NGC0891,0.8,-0.06863000295509976,0.11856689363612666,0.10046149879551858,22,5,10.026054,12.314537,warn,low_r2,data/SPARC/Rotmod/NGC0891_rotmod.dat
SPARC,NGC1003,0.6,-0.07944470098857159,0.06524540557879162,0.10237239148657873,36,15,5.657078,9.228463,warn,low_r2,data/SPARC/Rotmod/NGC1003_rotmod.dat
SPARC,NGC1003,0.7,-0.1135456589092198,0.1230021331742949,0.08649376275355602,36,11,6.677474,9.228463,warn,low_r2,data/SPARC/Rotmod/NGC1003_rotmod.dat
SPARC,NGC1003,0.8,-0.17235890412490684,0.21163308660711186,0.0995432722502323,36,8,7.44277,9.228463,warn,low_r2;high_err,data/SPARC/Rotmod/NGC1003_rotmod.dat
SPARC,NGC1560,0.6,0.06236403809406969,0.10603079734915856,0.05451402421332463,18,8,5.178857,8.594057,warn,low_r2,data/SPARC/Rotmod/NGC1560_rotmod.dat
SPARC,NGC1560,0.7,0.0037617643439048975,0.19363816339831189,9.434096116178736e-05,18,6,6.154629,8.594057,warn,low_r2,data/SPARC/Rotmod/NGC1560_rotmod.dat
SPARC,NGC1560,0.8,0.22228537091700304,0.4144263490320625,0.12575625151456815,18,4,7.1304,8.594057,warn,low_r2;high_err,data/SPARC/Rotmod/NGC1560_rotmod.dat
SPARC,NGC2366,0.6,0.06715089182640618,0.05287741925581935,0.10329613549057326,40,16,10.509735,16.89082,warn,low_r2,data/SPARC/Rotmod/NGC2366_rotmod.dat
SPARC,NGC2366,0.7,0.016504566259050998,0.09733671687676937,0.0028668699332888847,40,12,12.211358,16.89082,warn,low_r2,data/SPARC/Rotmod/NGC2366_rotmod.dat
SPARC,NGC2366,0.8,0.007857056282456693,0.21372440772533716,0.00022519690665212533,40,8,13.91298,16.89082,warn,low_r2;high_err,data/SPARC/Rotmod/NGC2366_rotmod.dat
SPARC,NGC2366b,0.6,0.04434433713414539,0.05100873364130975,0.08631635915390645,24,10,11.686272,19.006019,warn,low_r2,data/SPARC/Rotmod/NGC2366b_rotmod.dat
SPARC,NGC2366b,0.7,0.08429098730815007,0.08384137083597609,0.14417195966847496,24,8,13.312883,19.006019,warn,low_r2,data/SPARC/Rotmod/NGC2366b_rotmod.dat
SPARC,NGC2366b,0.8,0.4235500291967835,0.12921662693825947,0.7817255394111475,24,5,15.752798,19.006019,ok,ok,data/SPARC/Rotmod/NGC2366b_rotmod.dat
SPARC,NGC2403,0.6,0.07943891257701939,0.06039876808445898,0.1099728857873421,38,16,5.987653,9.865598,warn,low_r2,data/SPARC/Rotmod/NGC2403_rotmod.dat
SPARC,NGC2403,0.7,0.08208734940005792,0.09776879724917993,0.06585180719288475,38,12,7.021771,9.865598,warn,low_r2,data/SPARC/Rotmod/NGC2403_rotmod.dat
SPARC,NGC2403,0.8,0.095489705220951,0.2432127380661368,0.025047966308760827,38,8,8.05589,9.865598,warn,low_r2;high_err,data/SPARC/Rotmod/NGC2403_rotmod.dat
SPARC,NGC2403b,0.6,0.14598860126224425,0.07654013208103037,0.42116050180292075,18,7,18.048601,27.729657,ok,ok,data/SPARC/Rotmod/NGC2403b_rotmod.dat
SPARC,NGC2403b,0.7,0.24640520876779035,0.08185920316265219,0.6937391651864719,18,6,19.662111,27.729657,ok,ok,data/SPARC/Rotmod/NGC2403b_rotmod.dat
SPARC,NGC2403b,0.8,0.35850960534368354,0.133726328238981,0.7823089622031671,18,4,22.889129,27.729657,ok,ok,data/SPARC/Rotmod/NGC2403b_rotmod.dat
SPARC,NGC2683,0.6,-0.06487278184812076,0.07803073164811013,0.07952702564590952,25,10,14.335759,22.757214,warn,low_r2,data/SPARC/Rotmod/NGC2683_rotmod.dat
SPARC,NGC2683,0.7,-0.11915279886976714,0.1294572205289775,0.12372191658228382,25,8,16.207194,22.757214,warn,low_r2,data/SPARC/Rotmod/NGC2683_rotmod.dat
SPARC,NGC2683,0.8,-0.25983765818058385,0.26102048456788385,0.24830067891531515,25,5,19.014345,22.757214,warn,high_err,data/SPARC/Rotmod/NGC2683_rotmod.dat
SPARC,NGC2841,0.6,-0.053868190771367695,0.06772319607405788,0.13657046731144185,14,6,10.560226,16.972867,warn,low_r2,data/SPARC/Rotmod/NGC2841_rotmod.dat
SPARC,NGC2841,0.7,0.07933342138732125,0.16585786854994405,0.10265278416850854,14,4,13.125282,16.972867,warn,low_r2,data/SPARC/Rotmod/NGC2841_rotmod.dat
SPARC,NGC2841,0.8,0.15847767872722743,0.3749773429962417,0.15154895222705866,14,3,14.407811,16.972867,warn,low_r2;high_err,data/SPARC/Rotmod/NGC2841_rotmod.dat
SPARC,NGC2841b,0.6,0.13785787601898553,0.046939381724713514,0.5188138537734664,24,10,17.765754,28.993738,ok,ok,data/SPARC/Rotmod/NGC2841b_rotmod.dat
SPARC,NGC2841b,0.7,0.13611454375834817,0.07258271086927084,0.4129222646406111,24,7,21.508415,28.993738,ok,ok,data/SPARC/Rotmod/NGC2841b_rotmod.dat
SPARC,NGC2841b,0.8,0.0652104643498588,0.15610015999995944,0.054973169031327096,24,5,24.003523,28.993738,warn,low_r2,data/SPARC/Rotmod/NGC2841b_rotmod.dat
SPARC,NGC2903,0.6,0.03076736183485028,0.051477042327053864,0.019460145859681255,48,20,7.89948,13.056269,warn,low_r2,data/SPARC/Rotmod/NGC2903_rotmod.dat
SPARC,NGC2903,0.7,0.10540283230375513,0.09280371751593916,0.09026991245514815,48,15,9.25653,13.056269,warn,low_r2,data/SPARC/Rotmod/NGC2903_rotmod.dat
SPARC,NGC2903,0.8,-0.1375112001482172,0.20086456786729412,0.05534190913534409,48,10,10.61358,13.056269,warn,low_r2;high_err,data/SPARC/Rotmod/NGC2903_rotmod.dat
SPARC,NGC2915,0.6,0.0022583726979658425,0.05420883602873448,0.00019280789464592996,28,11,10.984627,17.269701,warn,low_r2,data/SPARC/Rotmod/NGC2915_rotmod.dat
SPARC,NGC2915,0.7,0.006364355218261233,0.05372040868527283,0.0020010698211764266,28,9,12.241642,17.269701,warn,low_r2,data/SPARC/Rotmod/NGC2915_rotmod.dat
SPARC,NGC2915,0.8,0.07734895958573994,0.04562470213346472,0.4181095609279387,28,6,14.127164,17.269701,ok,ok,data/SPARC/Rotmod/NGC2915_rotmod.dat
SPARC,NGC2955,0.6,0.1888863307728998,0.05609853893987257,0.4000775337064608,45,19,4.658817,7.676459,ok,ok,data/SPARC/Rotmod/NGC2955_rotmod.dat
SPARC,NGC2955,0.7,0.16977581704664488,0.10970589915909036,0.1663728001872503,45,14,5.497051,7.676459,warn,low_r2,data/SPARC/Rotmod/NGC2955_rotmod.dat
SPARC,NGC2955,0.8,0.032606357999530475,0.21195589180702679,0.002949448311491465,45,10,6.167638,7.676459,warn,low_r2;high_err,data/SPARC/Rotmod/NGC2955_rotmod.dat
SPARC,NGC2976,0.6,0.022277506882467636,0.05289113176608901,0.01346286643747363,37,15,14.568806,23.648955,warn,low_r2,data/SPARC/Rotmod/NGC2976_rotmod.dat
SPARC,NGC2976,0.7,0.05254383956398136,0.10689821429634208,0.02614299806574072,37,11,17.163134,23.648955,warn,low_r2,data/SPARC/Rotmod/NGC2976_rotmod.dat
SPARC,NGC2976,0.8,0.017999832254758794,0.18618039014722895,0.0015553988236010063,37,8,19.10888,23.648955,warn,low_r2,data/SPARC/Rotmod/NGC2976_rotmod.dat
SPARC,NGC3109,0.6,0.11638951680606738,0.04256976296628599,0.3325989597863612,41,17,9.490357,15.617262,ok,ok,data/SPARC/Rotmod/NGC3109_rotmod.dat
SPARC,NGC3109,0.7,0.2259331449587126,0.056771121091875064,0.5901359635560821,41,13,11.022083,15.617262,ok,ok,data/SPARC/Rotmod/NGC3109_rotmod.dat
SPARC,NGC3109,0.8,0.15260619083890392,0.09965903958002871,0.25092250683929695,41,9,12.55381,15.617262,ok,ok,data/SPARC/Rotmod/NGC3109_rotmod.dat
SPARC,NGC3198,0.6,-0.035468750537259466,0.055461431475664826,0.0283841685548214,40,16,12.908774,20.789257,warn,low_r2,data/SPARC/Rotmod/NGC3198_rotmod.dat
SPARC,NGC3198,0.7,0.05072515399478584,0.0969268978177536,0.026657762333197055,40,12,15.010236,20.789257,warn,low_r2,data/SPARC/Rotmod/NGC3198_rotmod.dat
SPARC,NGC3198,0.8,-0.048924192717647495,0.1977727262525377,0.010096161613161403,40,8,17.111698,20.789257,warn,low_r2,data/SPARC/Rotmod/NGC3198_rotmod.dat
SPARC,NGC3521,0.6,0.07662800128292699,0.1073742599697411,0.07824205817080088,19,8,5.588448,8.953824,warn,low_r2,data/SPARC/Rotmod/NGC3521_rotmod.dat
SPARC,NGC3521,0.7,0.04404483118226846,0.21648293232879423,0.010242626354016182,19,6,6.549984,8.953824,warn,low_r2;high_err,data/SPARC/Rotmod/NGC3521_rotmod.dat
SPARC,NGC3521,0.8,-0.01652911273949817,0.5904696723995707,0.0003916550839471178,19,4,7.51152,8.953824,warn,low_r2;high_err,data/SPARC/Rotmod/NGC3521_rotmod.dat
SPARC,NGC3726,0.6,0.08972993845400296,0.08079771747448598,0.13357296421608633,25,10,10.040788,15.885261,warn,low_r2,data/SPARC/Rotmod/NGC3726_rotmod.dat
SPARC,NGC3726,0.7,-0.015602379143613468,0.12011152853427282,0.0028044090891999884,25,8,11.33956,15.885261,warn,low_r2,data/SPARC/Rotmod/NGC3726_rotmod.dat
SPARC,NGC3726,0.8,-0.33694279602177485,0.16903862372500417,0.5697814646445453,25,5,13.287717,15.885261,ok,ok,data/SPARC/Rotmod/NGC3726_rotmod.dat
SPARC,NGC3741,0.6,0.1128180304020082,0.02671019876075377,0.6408088044314906,29,12,9.843523,16.018743,ok,ok,data/SPARC/Rotmod/NGC3741_rotmod.dat
SPARC,NGC3741,0.7,0.07406968966387051,0.04381798263005379,0.28987608684160604,29,9,11.527674,16.018743,ok,ok,data/SPARC/Rotmod/NGC3741_rotmod.dat
SPARC,NGC3741,0.8,0.07823924398456103,0.09832634493472951,0.13665727104857517,29,6,13.211825,16.018743,warn,low_r2,data/SPARC/Rotmod/NGC3741_rotmod.dat
SPARC,NGC3769,0.6,0.10544880747743597,0.040839986151913706,0.40000189663119534,30,12,14.814473,23.684429,ok,ok,data/SPARC/Rotmod/NGC3769_rotmod.dat
SPARC,NGC3769,0.7,-0.033721215368345145,0.03515190240571398,0.1161902103560013,30,9,17.233552,23.684429,warn,low_r2,data/SPARC/Rotmod/NGC3769_rotmod.dat
SPARC,NGC3769,0.8,-0.15242334885940642,0.057129695372932485,0.6402343044731542,30,6,19.652631,23.684429,ok,ok,data/SPARC/Rotmod/NGC3769_rotmod.dat
SPARC,NGC3877,0.6,0.16492438804784404,0.14812456638883975,0.2924022771435517,13,5,11.783608,17.525411,ok,ok,data/SPARC/Rotmod/NGC3877_rotmod.dat
SPARC,NGC3877,0.7,0.03555042262151649,0.24102916225129897,0.010760239093816293,13,4,13.219059,17.525411,warn,low_r2;high_err,data/SPARC/Rotmod/NGC3877_rotmod.dat
SPARC,NGC3877,0.8,0.23544817265050966,0.5080002279523675,0.17682880060332606,13,3,14.654509,17.525411,warn,low_r2;high_err,data/SPARC/Rotmod/NGC3877_rotmod.dat
SPARC,NGC3893,0.6,0.11032291450252787,0.05031862615293738,0.30410566904750813,32,13,9.873554,15.920009,ok,ok,data/SPARC/Rotmod/NGC3893_rotmod.dat
SPARC,NGC3893,0.7,0.0976743682081574,0.08804813343783335,0.13331850926883393,32,10,11.385168,15.920009,warn,low_r2,data/SPARC/Rotmod/NGC3893_rotmod.dat
SPARC,NGC3893,0.8,0.08936028649469438,0.19068126312152445,0.04207596920651557,32,7,12.896782,15.920009,warn,low_r2,data/SPARC/Rotmod/NGC3893_rotmod.dat
SPARC,NGC3917,0.6,-0.05824868064202133,0.050278146683372486,0.2116286622213055,17,7,7.908707,12.473931,ok,ok,data/SPARC/Rotmod/NGC3917_rotmod.dat
SPARC,NGC3917,0.7,0.02242594516492428,0.09298933272224355,0.01901843774591927,17,5,9.430448,12.473931,warn,low_r2,data/SPARC/Rotmod/NGC3917_rotmod.dat
SPARC,NGC3917,0.8,0.11516588649537207,0.1410791167769767,0.24991949216284515,17,4,10.191319,12.473931,ok,ok,data/SPARC/Rotmod/NGC3917_rotmod.dat
SPARC,NGC3949,0.6,0.0800472105672503,0.047296694777705754,0.16984798907173138,40,16,8.507183,13.636673,warn,low_r2,data/SPARC/Rotmod/NGC3949_rotmod.dat
SPARC,NGC3949,0.7,0.026870079197943306,0.08295519219318503,0.010382882612311906,40,12,9.875047,13.636673,warn,low_r2,data/SPARC/Rotmod/NGC3949_rotmod.dat
SPARC,NGC3949,0.8,-0.02530611065505728,0.2065783749450456,0.0024948531456079337,40,8,11.242911,13.636673,warn,low_r2;high_err,data/SPARC/Rotmod/NGC3949_rotmod.dat
SPARC,NGC3953,0.6,0.05001017947409945,0.05170122759021445,0.06714099485159997,37,15,10.454275,16.916086,warn,low_r2,data/SPARC/Rotmod/NGC3953_rotmod.dat
SPARC,NGC3953,0.7,0.0460682101226077,0.08787335786114107,0.02963340534053782,37,11,12.300507,16.916086,warn,low_r2,data/SPARC/Rotmod/NGC3953_rotmod.dat
SPARC,NGC3953,0.8,-0.02163781804021081,0.16329544869249224,0.0029178198339460115,37,8,13.68518,16.916086,warn,low_r2,data/SPARC/Rotmod/NGC3953_rotmod.dat
SPARC,NGC3972,0.6,0.04517279886634352,0.06371346938966305,0.028720165730163116,47,19,9.607447,15.590805,warn,low_r2,data/SPARC/Rotmod/NGC3972_rotmod.dat
SPARC,NGC3972,0.7,0.06235712050039349,0.08375446283177793,0.040895792932515995,47,15,10.937082,15.590805,warn,low_r2,data/SPARC/Rotmod/NGC3972_rotmod.dat
SPARC,NGC3972,0.8,-0.2386762538542101,0.15767797239288378,0.22264214464659382,47,10,12.599126,15.590805,ok,ok,data/SPARC/Rotmod/NGC3972_rotmod.dat
SPARC,NGC3992,0.6,0.0042380309985119964,0.040563001187056885,0.000727211770226277,40,17,5.172091,8.561371,warn,low_r2,data/SPARC/Rotmod/NGC3992_rotmod.dat
SPARC,NGC3992,0.7,-0.06325363671509304,0.06350816312893227,0.08272185376137897,40,13,6.019411,8.561371,warn,low_r2,data/SPARC/Rotmod/NGC3992_rotmod.dat
SPARC,NGC3992,0.8,0.01745611523081384,0.09283280388367877,0.005025809693685601,40,9,6.866731,8.561371,warn,low_r2,data/SPARC/Rotmod/NGC3992_rotmod.dat
SPARC,NGC4010,0.6,0.04398835799855058,0.07554852228066154,0.040654498686284346,25,10,14.05349,22.305583,warn,low_r2,data/SPARC/Rotmod/NGC4010_rotmod.dat
SPARC,NGC4010,0.7,0.11191509211744066,0.11037183041481267,0.14629152450899396,25,8,15.887288,22.305583,warn,low_r2,data/SPARC/Rotmod/NGC4010_rotmod.dat
SPARC,NGC4010,0.8,0.39859450191756457,0.16435577576575033,0.6622215710603006,25,5,18.637986,22.305583,ok,ok,data/SPARC/Rotmod/NGC4010_rotmod.dat
SPARC,NGC4013,0.6,0.11954730738917597,0.05111021530707661,0.2330951164749695,48,20,14.155835,23.558009,ok,ok,data/SPARC/Rotmod/NGC4013_rotmod.dat
SPARC,NGC4013,0.7,0.06972868636119131,0.08191519845451038,0.052795210354797284,48,15,16.630091,23.558009,warn,low_r2,data/SPARC/Rotmod/NGC4013_rotmod.dat
SPARC,NGC4013,0.8,0.16307141514618534,0.1811764319169041,0.09195390620343835,48,10,19.104348,23.558009,warn,low_r2,data/SPARC/Rotmod/NGC4013_rotmod.dat
SPARC,NGC4051,0.6,0.0305352222049221,0.08066157019767015,0.01567348242187716,27,11,6.74441,10.772166,warn,low_r2,data/SPARC/Rotmod/NGC4051_rotmod.dat
SPARC,NGC4051,0.7,-0.022559050485137587,0.1272161770693378,0.0044721086182706316,27,9,7.549961,10.772166,warn,low_r2,data/SPARC/Rotmod/NGC4051_rotmod.dat
SPARC,NGC4051,0.8,-0.17512460441205413,0.25703526816766664,0.10398360381835525,27,6,8.758288,10.772166,warn,low_r2;high_err,data/SPARC/Rotmod/NGC4051_rotmod.dat
SPARC,NGC4085,0.6,0.03994769442637488,0.07834939304459687,0.031472703027618065,24,10,10.995513,17.871201,warn,low_r2,data/SPARC/Rotmod/NGC4085_rotmod.dat
SPARC,NGC4085,0.7,0.18889573706312993,0.10284998909167117,0.3598737665640085,24,8,12.523444,17.871201,ok,ok,data/SPARC/Rotmod/NGC4085_rotmod.dat
SPARC,NGC4085,0.8,0.1574819890769012,0.24911439596677296,0.11755247243429656,24,5,14.81534,17.871201,warn,low_r2;high_err,data/SPARC/Rotmod/NGC4085_rotmod.dat
SPARC,NGC4088,0.6,0.07296142019363547,0.05004932984281586,0.11111818169691079,46,19,6.337817,10.363029,warn,low_r2,data/SPARC/Rotmod/NGC4088_rotmod.dat
SPARC,NGC4088,0.7,0.06328715104830827,0.098904779749064,0.032994696743105845,46,14,7.455932,10.363029,warn,low_r2,data/SPARC/Rotmod/NGC4088_rotmod.dat
SPARC,NGC4088,0.8,0.06892587332815789,0.18317153343859718,0.017391581898929753,46,10,8.350423,10.363029,warn,low_r2,data/SPARC/Rotmod/NGC4088_rotmod.dat
SPARC,NGC4100,0.6,-0.00965836717546377,0.08776447569006476,0.001343827051733637,26,11,12.125987,20.009978,warn,low_r2,data/SPARC/Rotmod/NGC4100_rotmod.dat
SPARC,NGC4100,0.7,-0.11735212611885372,0.14594325551570633,0.09727840609916394,26,8,14.491184,20.009978,warn,low_r2,data/SPARC/Rotmod/NGC4100_rotmod.dat
SPARC,NGC4100,0.8,-0.35764098841926983,0.1845840961797599,0.4841439742084479,26,6,16.067983,20.009978,ok,ok,data/SPARC/Rotmod/NGC4100_rotmod.dat
SPARC,NGC4138,0.6,0.009317156817310419,0.11014053668121393,0.0017858138215398611,14,6,8.378478,13.427526,warn,low_r2,data/SPARC/Rotmod/NGC4138_rotmod.dat
SPARC,NGC4138,0.7,-0.02708114601459668,0.1614206059332765,0.0138776817404489,14,4,10.398097,13.427526,warn,low_r2,data/SPARC/Rotmod/NGC4138_rotmod.dat
SPARC,NGC4138,0.8,0.24139276166149862,0.16974516323758237,0.6691302854764931,14,3,11.407907,13.427526,ok,ok,data/SPARC/Rotmod/NGC4138_rotmod.dat
SPARC,NGC4157,0.6,-0.030077662199674202,0.05052058397987757,0.03423138863372366,29,12,12.212988,19.921392,warn,low_r2,data/SPARC/Rotmod/NGC4157_rotmod.dat
SPARC,NGC4157,0.7,-0.06921597826167815,0.09244160440557883,0.07415145580007043,29,9,14.31528,19.921392,warn,low_r2,data/SPARC/Rotmod/NGC4157_rotmod.dat
SPARC,NGC4157,0.8,0.26832075098401637,0.09847872836906853,0.6498524486862983,29,6,16.417572,19.921392,ok,ok,data/SPARC/Rotmod/NGC4157_rotmod.dat
SPARC,NGC4183,0.6,0.10571485463062552,0.054011045036697194,0.203439164569036,42,17,13.004128,21.134771,ok,ok,data/SPARC/Rotmod/NGC4183_rotmod.dat
SPARC,NGC4183,0.7,0.1373203042494862,0.0949210967682031,0.15984861608070278,42,13,15.036789,21.134771,warn,low_r2,data/SPARC/Rotmod/NGC4183_rotmod.dat
SPARC,NGC4183,0.8,0.39790798909024955,0.13004194364027205,0.5721962239342949,42,9,17.069449,21.134771,ok,ok,data/SPARC/Rotmod/NGC4183_rotmod.dat
SPARC,NGC4214,0.6,0.037875841623603794,0.11191280354799878,0.018732730939143294,19,8,13.504598,21.907525,warn,low_r2,data/SPARC/Rotmod/NGC4214_rotmod.dat
SPARC,NGC4214,0.7,0.21743886226791306,0.1981837083473031,0.2313244379623327,19,6,15.905434,21.907525,ok,ok,data/SPARC/Rotmod/NGC4214_rotmod.dat
SPARC,NGC4214,0.8,-0.037919867377858914,0.5055117205484804,0.0028055693564928985,19,4,18.306271,21.907525,warn,low_r2;high_err,data/SPARC/Rotmod/NGC4214_rotmod.dat
SPARC,NGC4217,0.6,0.009016382847090595,0.07216072493996625,0.0015587821160994997,29,12,6.636609,10.736768,warn,low_r2,data/SPARC/Rotmod/NGC4217_rotmod.dat
SPARC,NGC4217,0.7,-0.04374764916454497,0.1357516880196971,0.014619246847796918,29,9,7.754835,10.736768,warn,low_r2,data/SPARC/Rotmod/NGC4217_rotmod.dat
SPARC,NGC4217,0.8,0.03384297822154034,0.25175177713326397,0.004497533512533125,29,6,8.87306,10.736768,warn,low_r2;high_err,data/SPARC/Rotmod/NGC4217_rotmod.dat
SPARC,NGC4389,0.6,-0.0611559761020062,0.07797883017918085,0.10953911232314306,16,7,14.845217,24.542029,warn,low_r2,data/SPARC/Rotmod/NGC4389_rotmod.dat
SPARC,NGC4389,0.7,0.08485949926704847,0.15436606498553748,0.0915152842568937,16,5,18.077488,24.542029,warn,low_r2,data/SPARC/Rotmod/NGC4389_rotmod.dat
SPARC,NGC4389,0.8,-0.02221142771274226,0.2586542067917805,0.003673546348913259,16,4,19.693623,24.542029,warn,low_r2;high_err,data/SPARC/Rotmod/NGC4389_rotmod.dat
SPARC,NGC4559,0.6,0.08861355924497527,0.058187508820083625,0.14211554809584892,38,16,7.820504,12.948121,warn,low_r2,data/SPARC/Rotmod/NGC4559_rotmod.dat
SPARC,NGC4559,0.7,0.02393065544123055,0.09548066705389935,0.006242502384495974,38,12,9.187869,12.948121,warn,low_r2,data/SPARC/Rotmod/NGC4559_rotmod.dat
SPARC,NGC4559,0.8,-0.05800360563395393,0.15623149792531377,0.02245728658566981,38,8,10.555233,12.948121,warn,low_r2,data/SPARC/Rotmod/NGC4559_rotmod.dat
SPARC,NGC5005,0.6,0.07752227798085416,0.0590451790460073,0.14703345478933094,30,12,6.156301,9.735151,warn,low_r2,data/SPARC/Rotmod/NGC5005_rotmod.dat
SPARC,NGC5005,0.7,0.16838024840357227,0.08052075990797149,0.3845001281479882,30,9,7.132351,9.735151,ok,ok,data/SPARC/Rotmod/NGC5005_rotmod.dat
SPARC,NGC5005,0.8,0.0687318420811098,0.16833497475680434,0.04001047910097533,30,6,8.108401,9.735151,warn,low_r2,data/SPARC/Rotmod/NGC5005_rotmod.dat
SPARC,NGC5033,0.6,0.009630814813284103,0.04668695204638616,0.005291040222513255,24,10,11.436869,18.596285,warn,low_r2,data/SPARC/Rotmod/NGC5033_rotmod.dat
SPARC,NGC5033,0.7,0.027651667405990607,0.05661199707901327,0.03824197102683191,24,8,13.02785,18.596285,warn,low_r2,data/SPARC/Rotmod/NGC5033_rotmod.dat
SPARC,NGC5033,0.8,0.04768147538715896,0.1550489943271114,0.030560531645197786,24,5,15.414322,18.596285,warn,low_r2,data/SPARC/Rotmod/NGC5033_rotmod.dat
SPARC,NGC5371,0.6,0.07663595765135402,0.08823535120464451,0.11168519118506937,20,8,9.921554,15.534127,warn,low_r2,data/SPARC/Rotmod/NGC5371_rotmod.dat
SPARC,NGC5371,0.7,0.0017279590235353421,0.17102791887512356,2.551889016400022e-05,20,6,11.525146,15.534127,warn,low_r2,data/SPARC/Rotmod/NGC5371_rotmod.dat
SPARC,NGC5371,0.8,0.41137110613831795,0.3370373390730378,0.42689199618565665,20,4,13.128739,15.534127,warn,high_err,data/SPARC/Rotmod/NGC5371_rotmod.dat
SPARC,NGC5533,0.6,-0.008697274990662935,0.06401915641723446,0.0016750421993683151,33,13,14.737206,23.399529,warn,low_r2,data/SPARC/Rotmod/NGC5533_rotmod.dat
SPARC,NGC5533,0.7,0.08590400171592677,0.1087987164809248,0.07229359391382939,33,10,16.902787,23.399529,warn,low_r2,data/SPARC/Rotmod/NGC5533_rotmod.dat
SPARC,NGC5533,0.8,-0.06007653495830962,0.0965257901816137,0.07190290386837939,33,7,19.068367,23.399529,warn,low_r2,data/SPARC/Rotmod/NGC5533_rotmod.dat
SPARC,NGC5585,0.6,0.025656251660100587,0.061383509417011255,0.013259965131908857,37,15,14.232132,23.098034,warn,low_r2,data/SPARC/Rotmod/NGC5585_rotmod.dat
SPARC,NGC5585,0.7,0.09159705723543683,0.09365118481638113,0.0960781965968941,37,11,16.765247,23.098034,warn,low_r2,data/SPARC/Rotmod/NGC5585_rotmod.dat
SPARC,NGC5585,0.8,-0.12306382745325586,0.09148565342118571,0.2317034417582704,37,8,18.665083,23.098034,ok,ok,data/SPARC/Rotmod/NGC5585_rotmod.dat
SPARC,NGC5907,0.6,0.0724059854778557,0.037176210053362836,0.18242947749872906,47,19,9.134472,14.813775,warn,low_r2,data/SPARC/Rotmod/NGC5907_rotmod.dat
SPARC,NGC5907,0.7,0.11786357963016969,0.050769384758157225,0.2930781806974352,47,15,10.396539,14.813775,ok,ok,data/SPARC/Rotmod/NGC5907_rotmod.dat
SPARC,NGC5907,0.8,0.13518326919606943,0.11996494226713239,0.13698296779148356,47,10,11.974123,14.813775,warn,low_r2,data/SPARC/Rotmod/NGC5907_rotmod.dat
SPARC,NGC6015,0.6,0.11328031067298944,0.07262809389504572,0.21278863013013039,28,11,16.284004,25.686359,ok,ok,data/SPARC/Rotmod/NGC6015_rotmod.dat
SPARC,NGC6015,0.7,0.08373487819826411,0.10203546835491459,0.08776459351552457,28,9,18.164475,25.686359,warn,low_r2,data/SPARC/Rotmod/NGC6015_rotmod.dat
SPARC,NGC6015,0.8,0.17861328452035508,0.18503641972571344,0.18893370562688938,28,6,20.985181,25.686359,warn,low_r2,data/SPARC/Rotmod/NGC6015_rotmod.dat
SPARC,NGC6195,0.6,0.032984127484436895,0.06099903707300428,0.055247434737246914,18,7,9.486506,14.497327,warn,low_r2,data/SPARC/Rotmod/NGC6195_rotmod.dat
SPARC,NGC6195,0.7,0.07307644578024362,0.08418405902224083,0.15851841893061958,18,6,10.321643,14.497327,warn,low_r2,data/SPARC/Rotmod/NGC6195_rotmod.dat
SPARC,NGC6195,0.8,-0.17957692116586357,0.11234896291990296,0.5609061862158626,18,4,11.991917,14.497327,ok,ok,data/SPARC/Rotmod/NGC6195_rotmod.dat
SPARC,NGC6503,0.6,0.23707468485784064,0.036585499289748816,0.7240933581465765,43,18,11.057351,18.372351,ok,ok,data/SPARC/Rotmod/NGC6503_rotmod.dat
SPARC,NGC6503,0.7,0.2897154264089594,0.06241674273140974,0.6620036400269018,43,13,13.208822,18.372351,ok,ok,data/SPARC/Rotmod/NGC6503_rotmod.dat
SPARC,NGC6503,0.8,0.0224746176570483,0.06041661362781094,0.019385286811225755,43,9,14.929998,18.372351,warn,low_r2,data/SPARC/Rotmod/NGC6503_rotmod.dat
SPARC,NGC6674,0.6,0.05618398539813415,0.08285945096432623,0.03690038895301806,35,14,8.781802,14.032441,warn,low_r2,data/SPARC/Rotmod/NGC6674_rotmod.dat
SPARC,NGC6674,0.7,0.06788422248602333,0.1351286180324793,0.027276578304282095,35,11,9.993488,14.032441,warn,low_r2,data/SPARC/Rotmod/NGC6674_rotmod.dat
SPARC,NGC6674,0.8,-0.3379593657042217,0.19366912548053947,0.3785072768951848,35,7,11.609069,14.032441,ok,ok,data/SPARC/Rotmod/NGC6674_rotmod.dat
SPARC,NGC6946,0.6,-0.01357314162204665,0.07592576818139521,0.002452294891452267,38,15,16.063349,25.65843,warn,low_r2,data/SPARC/Rotmod/NGC6946_rotmod.dat
SPARC,NGC6946,0.7,0.08177696458830917,0.11981825935214468,0.04450848336290747,38,12,18.119438,25.65843,warn,low_r2,data/SPARC/Rotmod/NGC6946_rotmod.dat
SPARC,NGC6946,0.8,0.48626560505169925,0.20415751813137,0.48599536845415714,38,8,20.860889,25.65843,warn,high_err,data/SPARC/Rotmod/NGC6946_rotmod.dat
SPARC,NGC7331,0.6,0.05865050396218842,0.04870246303952777,0.26608815907103,15,6,8.212721,12.608678,ok,ok,data/SPARC/Rotmod/NGC7331_rotmod.dat
SPARC,NGC7331,0.7,0.13509401960171627,0.04491726268602435,0.7509499800441325,15,5,9.091913,12.608678,ok,ok,data/SPARC/Rotmod/NGC7331_rotmod.dat
SPARC,NGC7331,0.8,0.29732865506244616,0.06355573354435792,0.9563049402260229,15,3,10.850295,12.608678,ok,ok,data/SPARC/Rotmod/NGC7331_rotmod.dat
SPARC,NGC7793,0.6,0.06850698299866746,0.08654707229471352,0.07263185068835842,23,10,6.409102,10.638481,warn,low_r2,data/SPARC/Rotmod/NGC7793_rotmod.dat
SPARC,NGC7793,0.7,0.14742201512136732,0.1958190527558763,0.10181475232663761,23,7,7.818895,10.638481,warn,low_r2,data/SPARC/Rotmod/NGC7793_rotmod.dat
SPARC,NGC7793,0.8,0.49963406716602504,0.2811488965127324,0.512839881787144,23,5,8.758757,10.638481,warn,high_err,data/SPARC/Rotmod/NGC7793_rotmod.dat
SPARC,PGC51017,0.6,0.11246907478463575,0.03751485323828088,0.3746855512947336,41,17,10.521783,17.336305,ok,ok,data/SPARC/Rotmod/PGC51017_rotmod.dat
SPARC,PGC51017,0.7,0.1450048495159499,0.06284762945484865,0.3261198481158949,41,13,12.225414,17.336305,ok,ok,data/SPARC/Rotmod/PGC51017_rotmod.dat
SPARC,PGC51017,0.8,0.016340759047123166,0.11670057321391433,0.0027930950223428175,41,9,13.929044,17.336305,warn,low_r2,data/SPARC/Rotmod/PGC51017_rotmod.dat
SPARC,UGC00128,0.6,-0.021925180127027027,0.05604686487698151,0.010099134045991276,43,17,16.751002,26.874695,warn,low_r2,data/SPARC/Rotmod/UGC00128_rotmod.dat
SPARC,UGC00128,0.7,-0.01753930061568799,0.09016538340646077,0.0034281577881376535,43,13,19.281925,26.874695,warn,low_r2,data/SPARC/Rotmod/UGC00128_rotmod.dat
SPARC,UGC00128,0.8,-0.014298087460246947,0.17292021567545707,0.0009757585109507749,43,9,21.812848,26.874695,warn,low_r2,data/SPARC/Rotmod/UGC00128_rotmod.dat
SPARC,UGC00128b,0.6,0.09464332782597948,0.10309915025716135,0.2192976844289577,12,5,10.905924,16.966451,ok,ok,data/SPARC/Rotmod/UGC00128b_rotmod.dat
SPARC,UGC00128b,0.7,-0.017723930169476557,0.15696866844262233,0.0063343838725763435,12,4,12.421056,16.966451,warn,low_r2,data/SPARC/Rotmod/UGC00128b_rotmod.dat
SPARC,UGC00128b,0.8,0.08465429782646322,0.34814876441447257,0.055824037858511866,12,3,13.936188,16.966451,warn,low_r2;high_err,data/SPARC/Rotmod/UGC00128b_rotmod.dat
SPARC,UGC00191,0.6,0.05439455080543836,0.05560049948032107,0.0961215821412097,28,11,15.995079,25.227479,warn,low_r2,data/SPARC/Rotmod/UGC00191_rotmod.dat
SPARC,UGC00191,0.7,-0.06806569214774345,0.061100436065581507,0.15058738077783818,28,9,17.841559,25.227479,warn,low_r2,data/SPARC/Rotmod/UGC00191_rotmod.dat
SPARC,UGC00191,0.8,-0.06579690985072315,0.14785923146025443,0.04717037886514863,28,6,20.611279,25.227479,warn,low_r2,data/SPARC/Rotmod/UGC00191_rotmod.dat
SPARC,UGC00191b,0.6,0.09204232941985341,0.058763217854938724,0.3291630281516472,16,7,9.943728,16.37288,ok,ok,data/SPARC/Rotmod/UGC00191b_rotmod.dat
SPARC,UGC00191b,0.7,-0.006652036503501864,0.08234484304825777,0.0021705584962680158,16,5,12.086779,16.37288,warn,low_r2,data/SPARC/Rotmod/UGC00191b_rotmod.dat
SPARC,UGC00191b,0.8,-0.09932828383508976,0.11865217588677383,0.25947883090827506,16,4,13.158304,16.37288,ok,ok,data/SPARC/Rotmod/UGC00191b_rotmod.dat
SPARC,UGC00634,0.6,-0.010120681944502587,0.04794211523729185,0.0029621398686638933,42,17,14.056071,22.859957,warn,low_r2,data/SPARC/Rotmod/UGC00634_rotmod.dat
SPARC,UGC00634,0.7,0.0034125950082063107,0.08477304529966632,0.00014729814329617064,42,13,16.257043,22.859957,warn,low_r2,data/SPARC/Rotmod/UGC00634_rotmod.dat
SPARC,UGC00634,0.8,0.03815107091483086,0.12370540413810467,0.013405309810722965,42,9,18.458014,22.859957,warn,low_r2,data/SPARC/Rotmod/UGC00634_rotmod.dat
SPARC,UGC00731,0.6,0.05076889102906938,0.04205319231231296,0.08348650787515433,43,18,15.205803,25.341748,warn,low_r2,data/SPARC/Rotmod/UGC00731_rotmod.dat
SPARC,UGC00731,0.7,0.06062179400765257,0.07628414970021961,0.054294067409427216,43,13,18.186963,25.341748,warn,low_r2,data/SPARC/Rotmod/UGC00731_rotmod.dat
SPARC,UGC00731,0.8,0.24891324965211625,0.11468136052448777,0.4022698473944071,43,9,20.571891,25.341748,ok,ok,data/SPARC/Rotmod/UGC00731_rotmod.dat
SPARC,UGC00816,0.6,0.13737421215554127,0.062167255111608456,0.3517252998229963,26,11,15.390914,25.451524,ok,ok,data/SPARC/Rotmod/UGC00816_rotmod.dat
SPARC,UGC00816,0.7,0.11096966412611431,0.11841385500829954,0.12768133578538243,26,8,18.409097,25.451524,warn,low_r2,data/SPARC/Rotmod/UGC00816_rotmod.dat
SPARC,UGC00816,0.8,0.20658425080971313,0.22564843120271985,0.173240353620702,26,6,20.421219,25.451524,warn,low_r2;high_err,data/SPARC/Rotmod/UGC00816_rotmod.dat
SPARC,UGC01230,0.6,0.03325505984986133,0.053431368682167586,0.02227865882908442,46,19,11.608907,19.148178,warn,low_r2,data/SPARC/Rotmod/UGC01230_rotmod.dat
SPARC,UGC01230,0.7,0.015673968445604168,0.09600685593527385,0.0022161984374403643,46,14,13.703149,19.148178,warn,low_r2,data/SPARC/Rotmod/UGC01230_rotmod.dat
SPARC,UGC01230,0.8,0.035435478755589354,0.18113548612750718,0.004761095414931971,46,10,15.378543,19.148178,warn,low_r2,data/SPARC/Rotmod/UGC01230_rotmod.dat
SPARC,UGC01281,0.6,0.02276229209003197,0.07592973065802938,0.012675645226443932,22,9,9.872355,15.763035,warn,low_r2,data/SPARC/Rotmod/UGC01281_rotmod.dat
SPARC,UGC01281,0.7,-0.044679248172973085,0.12623938682759608,0.0244402601928162,22,7,11.345025,15.763035,warn,low_r2,data/SPARC/Rotmod/UGC01281_rotmod.dat
SPARC,UGC01281,0.8,-0.11036954533878322,0.23956722808005484,0.06607461149563942,22,5,12.817695,15.763035,warn,low_r2;high_err,data/SPARC/Rotmod/UGC01281_rotmod.dat
SPARC,UGC02023,0.6,-0.07968197742054722,0.06071055348343221,0.19748968062928607,21,9,14.268665,23.581108,warn,low_r2,data/SPARC/Rotmod/UGC02023_rotmod.dat
SPARC,UGC02023,0.7,-0.21329205955590116,0.08127822905384209,0.5793560539838969,21,7,16.596776,23.581108,ok,ok,data/SPARC/Rotmod/UGC02023_rotmod.dat
SPARC,UGC02023,0.8,-0.1228900151231539,0.11105110595162794,0.2898703574789848,21,5,18.924886,23.581108,ok,ok,data/SPARC/Rotmod/UGC02023_rotmod.dat
SPARC,UGC02259,0.6,0.10587168001094778,0.050428147937091376,0.25320471472657624,37,15,13.420429,21.769793,ok,ok,data/SPARC/Rotmod/UGC02259_rotmod.dat
SPARC,UGC02259,0.7,0.12618754362922677,0.10317154498204116,0.14252528490822147,37,11,15.805962,21.769793,warn,low_r2,data/SPARC/Rotmod/UGC02259_rotmod.dat
SPARC,UGC02259,0.8,-0.017682557084707375,0.16173122009150956,0.0019883223050668475,37,8,17.595111,21.769793,warn,low_r2,data/SPARC/Rotmod/UGC02259_rotmod.dat
SPARC,UGC02455,0.6,0.16714833197457135,0.04451601696567733,0.5202678373955214,36,15,10.283033,16.938388,ok,ok,data/SPARC/Rotmod/UGC02455_rotmod.dat
SPARC,UGC02455,0.7,0.1682540993728178,0.0737827157091081,0.36620717284090565,36,11,12.184563,16.938388,ok,ok,data/SPARC/Rotmod/UGC02455_rotmod.dat
SPARC,UGC02455,0.8,0.15450960146166104,0.15004287803565391,0.15019286315941016,36,8,13.610711,16.938388,warn,low_r2,data/SPARC/Rotmod/UGC02455_rotmod.dat
SPARC,UGC02487,0.6,0.049807667146179735,0.07876892515095141,0.07404605819022991,17,7,7.772997,12.256795,warn,low_r2,data/SPARC/Rotmod/UGC02487_rotmod.dat
SPARC,UGC02487,0.7,0.2235464327058188,0.1370067368919103,0.47017689348178904,17,5,9.267597,12.256795,ok,ok,data/SPARC/Rotmod/UGC02487_rotmod.dat
SPARC,UGC02487,0.8,0.2705050129528894,0.242018921270828,0.3844747762519056,17,4,10.014896,12.256795,warn,high_err,data/SPARC/Rotmod/UGC02487_rotmod.dat
SPARC,UGC02916,0.6,0.05926645142404634,0.05143635066106976,0.07661932978676644,43,18,14.056512,23.410941,warn,low_r2,data/SPARC/Rotmod/UGC02916_rotmod.dat
SPARC,UGC02916,0.7,0.09185835432047353,0.08684469149058707,0.09231904548581504,43,13,16.807815,23.410941,warn,low_r2,data/SPARC/Rotmod/UGC02916_rotmod.dat
SPARC,UGC02916,0.8,0.08343725652459748,0.1591980539585737,0.03775982456513127,43,9,19.008857,23.410941,warn,low_r2,data/SPARC/Rotmod/UGC02916_rotmod.dat
SPARC,UGC03205,0.6,0.06794459782531673,0.06505752441928986,0.1538240450551953,19,8,9.431223,15.242001,warn,low_r2,data/SPARC/Rotmod/UGC03205_rotmod.dat
SPARC,UGC03205,0.7,0.015000841165231534,0.11706930488255428,0.004087955309574509,19,6,11.091445,15.242001,warn,low_r2,data/SPARC/Rotmod/UGC03205_rotmod.dat
SPARC,UGC03205,0.8,-0.34908371413940353,0.11607480364366177,0.8189139470996869,19,4,12.751668,15.242001,ok,ok,data/SPARC/Rotmod/UGC03205_rotmod.dat
SPARC,UGC03546,0.6,0.10915477052606597,0.04281803600660276,0.3022860487529214,42,17,16.440641,26.770651,ok,ok,data/SPARC/Rotmod/UGC03546_rotmod.dat
SPARC,UGC03546,0.7,0.023483782563813966,0.06486402226155809,0.011775819500284612,42,13,19.023143,26.770651,warn,low_r2,data/SPARC/Rotmod/UGC03546_rotmod.dat
SPARC,UGC03546,0.8,-0.09590014882574302,0.1177913436148748,0.0865011308159237,42,9,21.605646,26.770651,warn,low_r2,data/SPARC/Rotmod/UGC03546_rotmod.dat
SPARC,UGC03580,0.6,0.13250619000132166,0.07479685504545348,0.5112717788043959,12,5,9.658353,15.005983,ok,ok,data/SPARC/Rotmod/UGC03580_rotmod.dat
SPARC,UGC03580,0.7,0.011337300207707028,0.07576742819403852,0.011071062206983395,12,4,10.99526,15.005983,warn,low_r2,data/SPARC/Rotmod/UGC03580_rotmod.dat
SPARC,UGC03580,0.8,0.10435240327788849,0.13620130876923456,0.36988255710109863,12,3,12.332168,15.005983,ok,ok,data/SPARC/Rotmod/UGC03580_rotmod.dat
SPARC,UGC04278,0.6,0.11348229555078207,0.051994091990909735,0.24103441358858668,42,17,8.081111,13.061023,ok,ok,data/SPARC/Rotmod/UGC04278_rotmod.dat
SPARC,UGC04278,0.7,0.05886696691524804,0.09205978715540432,0.03583934836694258,42,13,9.326089,13.061023,warn,low_r2,data/SPARC/Rotmod/UGC04278_rotmod.dat
SPARC,UGC04278,0.8,0.30388002807364656,0.15330842899918462,0.35949705660694664,42,9,10.571067,13.061023,ok,ok,data/SPARC/Rotmod/UGC04278_rotmod.dat
SPARC,UGC04278b,0.6,-0.034267828485347956,0.06968559877153276,0.057007914464289544,15,6,16.443047,25.411407,warn,low_r2,data/SPARC/Rotmod/UGC04278b_rotmod.dat
SPARC,UGC04278b,0.7,0.011739205623173724,0.10485848840367322,0.0041604313256976555,15,5,18.236719,25.411407,warn,low_r2,data/SPARC/Rotmod/UGC04278b_rotmod.dat
SPARC,UGC04278b,0.8,0.2825537722328497,0.3234842127300923,0.43276891667021544,15,3,21.824063,25.411407,warn,high_err,data/SPARC/Rotmod/UGC04278b_rotmod.dat
SPARC,UGC04305,0.6,0.06689279954548134,0.06146516865858852,0.07318192431366932,41,17,15.220625,25.167709,warn,low_r2,data/SPARC/Rotmod/UGC04305_rotmod.dat
SPARC,UGC04305,0.7,0.07551249114479229,0.10132579863085123,0.04806322879634983,41,13,17.707396,25.167709,warn,low_r2,data/SPARC/Rotmod/UGC04305_rotmod.dat
SPARC,UGC04305,0.8,-0.18789596527374763,0.1968620766581569,0.1151543304774496,41,9,20.194167,25.167709,warn,low_r2,data/SPARC/Rotmod/UGC04305_rotmod.dat
SPARC,UGC04325,0.6,0.015989430689857455,0.05243540187076529,0.006160864191615878,41,17,8.345569,13.709282,warn,low_r2,data/SPARC/Rotmod/UGC04325_rotmod.dat
SPARC,UGC04325,0.7,-0.07631227331694265,0.07223701170249062,0.09211057843171755,41,13,9.686497,13.709282,warn,low_r2,data/SPARC/Rotmod/UGC04325_rotmod.dat
SPARC,UGC04325,0.8,0.029565509557722563,0.1542894677583473,0.0052182866050572985,41,9,11.027425,13.709282,warn,low_r2,data/SPARC/Rotmod/UGC04325_rotmod.dat
SPARC,UGC04483,0.6,0.15083648344186618,0.06826648949665934,0.2730119132509926,37,15,8.804017,14.215665,ok,ok,data/SPARC/Rotmod/UGC04483_rotmod.dat
SPARC,UGC04483,0.7,0.174123174703528,0.10707248685625725,0.20914757177240428,37,12,9.963656,14.215665,ok,ok,data/SPARC/Rotmod/UGC04483_rotmod.dat
SPARC,UGC04483,0.8,0.06149073279251631,0.24078019429839811,0.010753040703113781,37,8,11.509841,14.215665,warn,low_r2;high_err,data/SPARC/Rotmod/UGC04483_rotmod.dat
SPARC,UGC04499,0.6,0.1279622160886001,0.02934957316899938,0.6552797369370789,29,12,13.124233,21.422266,ok,ok,data/SPARC/Rotmod/UGC04499_rotmod.dat
SPARC,UGC04499,0.7,0.18282227303963908,0.048313314079816316,0.6716604157982087,29,9,15.387333,21.422266,ok,ok,data/SPARC/Rotmod/UGC04499_rotmod.dat
SPARC,UGC04499,0.8,0.2309382532459652,0.09163420207794551,0.6135827067551879,29,6,17.650433,21.422266,ok,ok,data/SPARC/Rotmod/UGC04499_rotmod.dat
SPARC,UGC05005,0.6,0.0430143328247941,0.08087040288830952,0.02129874249383057,38,15,16.378224,26.164968,warn,low_r2,data/SPARC/Rotmod/UGC05005_rotmod.dat
SPARC,UGC05005,0.7,0.12530324607204202,0.10916209849811473,0.11641980437760346,38,12,18.475383,26.164968,warn,low_r2,data/SPARC/Rotmod/UGC05005_rotmod.dat
SPARC,UGC05005,0.8,0.19330147760695138,0.27377794574120856,0.07671135772032334,38,8,21.271596,26.164968,warn,low_r2;high_err,data/SPARC/Rotmod/UGC05005_rotmod.dat
SPARC,UGC05414,0.6,0.22312486648176108,0.060023944977524044,0.6637533893898687,22,9,9.215188,14.701458,ok,ok,data/SPARC/Rotmod/UGC05414_rotmod.dat
SPARC,UGC05414,0.7,0.2043940662016619,0.05680213390945203,0.7214195446624727,22,7,10.586756,14.701458,ok,ok,data/SPARC/Rotmod/UGC05414_rotmod.dat
SPARC,UGC05414,0.8,0.21300862305571278,0.09248764547191866,0.6387407608770013,22,5,11.958323,14.701458,ok,ok,data/SPARC/Rotmod/UGC05414_rotmod.dat
SPARC,UGC05716,0.6,0.055846590381923446,0.05780927285469713,0.05857252198082963,41,17,10.141336,16.702227,warn,low_r2,data/SPARC/Rotmod/UGC05716_rotmod.dat
SPARC,UGC05716,0.7,0.10693699038506897,0.09032435001350013,0.11302278462655457,41,13,11.781559,16.702227,warn,low_r2,data/SPARC/Rotmod/UGC05716_rotmod.dat
SPARC,UGC05716,0.8,0.021488039100415492,0.17165886506957614,0.002233530886132984,41,9,13.421781,16.702227,warn,low_r2,data/SPARC/Rotmod/UGC05716_rotmod.dat
SPARC,UGC05721,0.6,0.05102777657444324,0.06511691143848901,0.05287383981850835,33,13,15.554538,24.707262,warn,low_r2,data/SPARC/Rotmod/UGC05721_rotmod.dat
SPARC,UGC05721,0.7,-0.11051386361031199,0.08548607027526196,0.17280645714974507,33,10,17.842719,24.707262,warn,low_r2,data/SPARC/Rotmod/UGC05721_rotmod.dat
SPARC,UGC05721,0.8,-0.2787267562658181,0.070028342865368,0.760099636196209,33,7,20.1309,24.707262,ok,ok,data/SPARC/Rotmod/UGC05721_rotmod.dat
SPARC,UGC05750,0.6,0.1284366071110065,0.06838161060123832,0.2607793009005409,29,12,17.164658,28.077084,ok,ok,data/SPARC/Rotmod/UGC05750_rotmod.dat
SPARC,UGC05750,0.7,0.13728052327307383,0.12726039144437407,0.142542931774559,29,9,20.140774,28.077084,warn,low_r2,data/SPARC/Rotmod/UGC05750_rotmod.dat
SPARC,UGC05750,0.8,0.4697824633517793,0.1772154166511519,0.6372650030097,29,6,23.11689,28.077084,ok,ok,data/SPARC/Rotmod/UGC05750_rotmod.dat
SPARC,UGC05764,0.6,0.19015709635688308,0.06341911110208669,0.4497391546272014,31,13,12.199974,20.13329,ok,ok,data/SPARC/Rotmod/UGC05764_rotmod.dat
SPARC,UGC05764,0.7,0.312129116396585,0.10158311233818472,0.5413150146587022,31,10,14.183303,20.13329,ok,ok,data/SPARC/Rotmod/UGC05764_rotmod.dat
SPARC,UGC05764,0.8,0.22746189711439194,0.21716225067138492,0.17993882924868654,31,7,16.166632,20.13329,warn,low_r2;high_err,data/SPARC/Rotmod/UGC05764_rotmod.dat
SPARC,UGC05829,0.6,0.13232697485243075,0.05532834160598994,0.3228018319809509,33,14,8.512514,14.131602,ok,ok,data/SPARC/Rotmod/UGC05829_rotmod.dat
SPARC,UGC05829,0.7,0.14439446312026083,0.11066388590703624,0.17547094844083944,33,10,10.241464,14.131602,warn,low_r2,data/SPARC/Rotmod/UGC05829_rotmod.dat
SPARC,UGC05829,0.8,0.5629313090477661,0.08949425504492613,0.887806469033802,33,7,11.538177,14.131602,ok,ok,data/SPARC/Rotmod/UGC05829_rotmod.dat
SPARC,UGC05918,0.6,0.25998832466937694,0.09279915998095416,0.7234792466368754,13,5,8.091278,11.986917,ok,ok,data/SPARC/Rotmod/UGC05918_rotmod.dat
SPARC,UGC05918,0.7,0.1377676452863341,0.12313225122738493,0.3849646840925408,13,4,9.065188,11.986917,ok,ok,data/SPARC/Rotmod/UGC05918_rotmod.dat
SPARC,UGC05918,0.8,0.12174105322668428,0.28847515418070113,0.15117366031932478,13,3,10.039097,11.986917,warn,low_r2;high_err,data/SPARC/Rotmod/UGC05918_rotmod.dat
SPARC,UGC05986,0.6,0.11344479654515677,0.08627827883455945,0.2569348893966642,17,7,9.936755,15.718808,ok,ok,data/SPARC/Rotmod/UGC05986_rotmod.dat
SPARC,UGC05986,0.7,0.11578538507278655,0.174740490331368,0.1276677135805161,17,5,11.864106,15.718808,warn,low_r2,data/SPARC/Rotmod/UGC05986_rotmod.dat
SPARC,UGC05986,0.8,-0.19630648253713454,0.08827544572293042,0.7120339673118763,17,4,12.827781,15.718808,ok,ok,data/SPARC/Rotmod/UGC05986_rotmod.dat
SPARC,UGC06399,0.6,0.02430234961432735,0.04185670145531474,0.04594536777217895,21,9,8.592173,14.120288,warn,low_r2,data/SPARC/Rotmod/UGC06399_rotmod.dat
SPARC,UGC06399,0.7,-0.08851850352796828,0.0374450200471969,0.5277808237073441,21,7,9.974202,14.120288,ok,ok,data/SPARC/Rotmod/UGC06399_rotmod.dat
SPARC,UGC06399,0.8,-0.10504373117381505,0.07732057018494864,0.3808884669787569,21,5,11.35623,14.120288,ok,ok,data/SPARC/Rotmod/UGC06399_rotmod.dat
SPARC,UGC06399b,0.6,0.1291453900458108,0.042898111391656446,0.37664146071838256,41,17,10.833381,17.855635,ok,ok,data/SPARC/Rotmod/UGC06399b_rotmod.dat
SPARC,UGC06399b,0.7,0.10178594285110833,0.0686094185928457,0.1667259822970435,41,13,12.588944,17.855635,warn,low_r2,data/SPARC/Rotmod/UGC06399b_rotmod.dat
SPARC,UGC06399b,0.8,0.22931012605658901,0.10037020769951557,0.4271495983637249,41,9,14.344508,17.855635,ok,ok,data/SPARC/Rotmod/UGC06399b_rotmod.dat
SPARC,UGC06446,0.6,0.025922636378976193,0.059720879005704976,0.036313791266345374,16,7,14.198498,23.464163,warn,low_r2,data/SPARC/Rotmod/UGC06446_rotmod.dat
SPARC,UGC06446,0.7,-0.04112227149880111,0.11570856177269875,0.040400965934304645,16,5,17.287053,23.464163,warn,low_r2,data/SPARC/Rotmod/UGC06446_rotmod.dat
SPARC,UGC06446,0.8,0.10558454681247591,0.15360974174228048,0.19108838079222856,16,4,18.83133,23.464163,warn,low_r2,data/SPARC/Rotmod/UGC06446_rotmod.dat
SPARC,UGC06614,0.6,0.06858865792261827,0.04824285261776906,0.1681457485476313,28,12,8.465792,14.079773,warn,low_r2,data/SPARC/Rotmod/UGC06614_rotmod.dat
SPARC,UGC06614,0.7,0.12727946907641627,0.08615874107889625,0.23766525479146627,28,9,9.996877,14.079773,ok,ok,data/SPARC/Rotmod/UGC06614_rotmod.dat
SPARC,UGC06614,0.8,0.4052846992980781,0.09242551522675331,0.8277948761698939,28,6,11.527963,14.079773,ok,ok,data/SPARC/Rotmod/UGC06614_rotmod.dat
SPARC,UGC06628,0.6,0.08305381426804868,0.03214511559922602,0.33928259231570623,37,15,12.754985,20.680885,ok,ok,data/SPARC/Rotmod/UGC06628_rotmod.dat
SPARC,UGC06628,0.7,0.009932681304195215,0.05166636180048415,0.004089732858305606,37,11,15.019528,20.680885,warn,low_r2,data/SPARC/Rotmod/UGC06628_rotmod.dat
SPARC,UGC06628,0.8,0.025423610228906147,0.10254096595154581,0.010141483965836251,37,8,16.717935,20.680885,warn,low_r2,data/SPARC/Rotmod/UGC06628_rotmod.dat
SPARC,UGC06667,0.6,0.1227768095800607,0.060136480660344105,0.24278951912586455,36,15,14.484235,23.940392,ok,ok,data/SPARC/Rotmod/UGC06667_rotmod.dat
SPARC,UGC06667,0.7,0.1766535878045031,0.076641542627088,0.3711884479275841,36,11,17.185995,23.940392,ok,ok,data/SPARC/Rotmod/UGC06667_rotmod.dat
SPARC,UGC06667,0.8,0.1548114138068658,0.14231869901377162,0.16472523444327059,36,8,19.212314,23.940392,warn,low_r2,data/SPARC/Rotmod/UGC06667_rotmod.dat
SPARC,UGC06818,0.6,0.12809276344545592,0.048196500866921184,0.41395276818814264,29,12,13.524524,22.081569,ok,ok,data/SPARC/Rotmod/UGC06818_rotmod.dat
SPARC,UGC06818,0.7,0.11031503995947751,0.08452415704758941,0.19571339568466695,29,9,15.858263,22.081569,warn,low_r2,data/SPARC/Rotmod/UGC06818_rotmod.dat
SPARC,UGC06818,0.8,0.06287388001793578,0.17628579506025815,0.03082121770198465,29,6,18.192003,22.081569,warn,low_r2,data/SPARC/Rotmod/UGC06818_rotmod.dat
SPARC,UGC06917,0.6,0.0780766641554087,0.05050624200295473,0.12995008685003095,44,18,9.589514,15.663427,warn,low_r2,data/SPARC/Rotmod/UGC06917_rotmod.dat
SPARC,UGC06917,0.7,0.16547287604827535,0.0705818192062996,0.31413946651323055,44,14,11.01867,15.663427,ok,ok,data/SPARC/Rotmod/UGC06917_rotmod.dat
SPARC,UGC06917,0.8,0.152618701984122,0.15293278953582382,0.12455097058634479,44,9,12.805115,15.663427,warn,low_r2,data/SPARC/Rotmod/UGC06917_rotmod.dat
SPARC,UGC06923,0.6,0.21462388488853942,0.07324967402139505,0.43834817346661237,33,13,16.363758,26.002013,ok,ok,data/SPARC/Rotmod/UGC06923_rotmod.dat
SPARC,UGC06923,0.7,0.2922455438010559,0.12020345907560562,0.4249160437495615,33,10,18.773322,26.002013,ok,ok,data/SPARC/Rotmod/UGC06923_rotmod.dat
SPARC,UGC06923,0.8,0.26285906535891007,0.24552687748483434,0.1864848229736289,33,7,21.182886,26.002013,warn,low_r2;high_err,data/SPARC/Rotmod/UGC06923_rotmod.dat
SPARC,UGC06930,0.6,0.19615888386983502,0.10605517803735699,0.4609885898819617,15,6,15.894733,24.558473,ok,ok,data/SPARC/Rotmod/UGC06930_rotmod.dat
SPARC,UGC06930,0.7,0.21112702391061444,0.16944442403177415,0.34102218210654855,15,5,17.627481,24.558473,ok,ok,data/SPARC/Rotmod/UGC06930_rotmod.dat
SPARC,UGC06930,0.8,0.3810944129808721,0.44900305498591553,0.4187358307304392,15,3,21.092977,24.558473,warn,high_err,data/SPARC/Rotmod/UGC06930_rotmod.dat
SPARC,UGC06983,0.6,0.11033985872114964,0.05462462273085545,0.21384723267201,41,17,15.134361,25.023935,ok,ok,data/SPARC/Rotmod/UGC06983_rotmod.dat
SPARC,UGC06983,0.7,0.19215171829260966,0.08843362882989417,0.30030847104231917,41,13,17.606754,25.023935,ok,ok,data/SPARC/Rotmod/UGC06983_rotmod.dat
SPARC,UGC06983,0.8,0.11779324569786968,0.17025798121260163,0.06400326260205902,41,9,20.079148,25.023935,warn,low_r2,data/SPARC/Rotmod/UGC06983_rotmod.dat
SPARC,UGC07089,0.6,0.13390837456075744,0.05223888740791199,0.35382922714121023,33,14,8.88197,14.753844,ok,ok,data/SPARC/Rotmod/UGC07089_rotmod.dat
SPARC,UGC07089,0.7,0.18583993790086392,0.08574984650756824,0.36992498889993675,33,10,10.6887,14.753844,ok,ok,data/SPARC/Rotmod/UGC07089_rotmod.dat
SPARC,UGC07089,0.8,0.3185462688731519,0.17012605634094125,0.4121748756234622,33,7,12.043748,14.753844,ok,ok,data/SPARC/Rotmod/UGC07089_rotmod.dat
SPARC,UGC07125,0.6,0.14269278817697456,0.08083318248087713,0.19335800933040004,36,15,8.936599,14.694332,warn,low_r2,data/SPARC/Rotmod/UGC07125_rotmod.dat
SPARC,UGC07125,0.7,0.26136435770384736,0.12029059480466349,0.3440687309093998,36,11,10.581666,14.694332,ok,ok,data/SPARC/Rotmod/UGC07125_rotmod.dat
SPARC,UGC07125,0.8,0.15969655922717493,0.2327584149045819,0.07274890187345218,36,8,11.815466,14.694332,warn,low_r2;high_err,data/SPARC/Rotmod/UGC07125_rotmod.dat
SPARC,UGC07151,0.6,0.11847559210310443,0.07124461057883874,0.20089343888772193,33,13,17.877335,28.423736,ok,ok,data/SPARC/Rotmod/UGC07151_rotmod.dat
SPARC,UGC07151,0.7,-0.03743315856215059,0.11082739393769092,0.014059804795562236,33,10,20.513935,28.423736,warn,low_r2,data/SPARC/Rotmod/UGC07151_rotmod.dat
SPARC,UGC07151,0.8,-0.2475093206829968,0.21386013210799895,0.21128687450895856,33,7,23.150535,28.423736,warn,high_err,data/SPARC/Rotmod/UGC07151_rotmod.dat
SPARC,UGC07232,0.6,0.06639180755763534,0.05541177242864748,0.10684857862704245,33,14,11.687328,19.478657,warn,low_r2,data/SPARC/Rotmod/UGC07232_rotmod.dat
SPARC,UGC07232,0.7,-0.0790966608070181,0.0865299796398728,0.09456893530239907,33,10,14.08466,19.478657,warn,low_r2,data/SPARC/Rotmod/UGC07232_rotmod.dat
SPARC,UGC07232,0.8,0.18096759329466003,0.11216873869337926,0.3423564473805194,33,7,15.882659,19.478657,ok,ok,data/SPARC/Rotmod/UGC07232_rotmod.dat
SPARC,UGC07261,0.6,0.13973828628540444,0.11552688331449092,0.2678107783433611,15,6,11.614678,17.900611,ok,ok,data/SPARC/Rotmod/UGC07261_rotmod.dat
SPARC,UGC07261,0.7,0.17118284659137198,0.18315674836834842,0.22551136465972832,15,5,12.871865,17.900611,ok,ok,data/SPARC/Rotmod/UGC07261_rotmod.dat
SPARC,UGC07261,0.8,-0.034426982455768126,0.3056105844927776,0.01253096791849706,15,3,15.386238,17.900611,warn,low_r2;high_err,data/SPARC/Rotmod/UGC07261_rotmod.dat
SPARC,UGC07323,0.6,-0.011459521278477226,0.06728851571921615,0.0026297518989789603,33,13,13.334417,21.155067,warn,low_r2,data/SPARC/Rotmod/UGC07323_rotmod.dat
SPARC,UGC07323,0.7,0.09754323350749454,0.10458562546381417,0.0980693830137066,33,10,15.289579,21.155067,warn,low_r2,data/SPARC/Rotmod/UGC07323_rotmod.dat
SPARC,UGC07323,0.8,0.17455008695199928,0.1928998422233179,0.14071589801287288,33,7,17.244742,21.155067,warn,low_r2,data/SPARC/Rotmod/UGC07323_rotmod.dat
SPARC,UGC07399,0.6,0.041303301181562696,0.04006662059783161,0.0661585515361186,42,17,14.862491,24.182485,warn,low_r2,data/SPARC/Rotmod/UGC07399_rotmod.dat
SPARC,UGC07399,0.7,0.07374486649485787,0.05996029434310817,0.1208890781173233,42,13,17.192489,24.182485,warn,low_r2,data/SPARC/Rotmod/UGC07399_rotmod.dat
SPARC,UGC07399,0.8,0.06317494653713587,0.1266546214555642,0.03432271693759825,42,9,19.522488,24.182485,warn,low_r2,data/SPARC/Rotmod/UGC07399_rotmod.dat
SPARC,UGC07408,0.6,0.012198619508560746,0.06866195040181726,0.004488871550698437,23,9,18.70621,29.224044,warn,low_r2,data/SPARC/Rotmod/UGC07408_rotmod.dat
SPARC,UGC07408,0.7,-0.06212500729673908,0.10495911685921604,0.06548035155755971,23,7,21.335668,29.224044,warn,low_r2,data/SPARC/Rotmod/UGC07408_rotmod.dat
SPARC,UGC07408,0.8,0.22492683939748287,0.12729374589934564,0.5099845081560499,23,5,23.965127,29.224044,ok,ok,data/SPARC/Rotmod/UGC07408_rotmod.dat
SPARC,UGC07559,0.6,0.08090553369544028,0.06471037517360463,0.11525164583783354,34,14,10.974357,17.912689,warn,low_r2,data/SPARC/Rotmod/UGC07559_rotmod.dat
SPARC,UGC07559,0.7,0.09185212002042027,0.08903238871694437,0.10575400260636503,34,11,12.575511,17.912689,warn,low_r2,data/SPARC/Rotmod/UGC07559_rotmod.dat
SPARC,UGC07559,0.8,-0.06310112292308379,0.20806841575166,0.018062411638813614,34,7,14.710382,17.912689,warn,low_r2;high_err,data/SPARC/Rotmod/UGC07559_rotmod.dat
SPARC,UGC07577,0.6,-0.030924350878209717,0.04662609950165516,0.12787881258035316,13,5,19.319668,28.829502,warn,low_r2,data/SPARC/Rotmod/UGC07577_rotmod.dat
SPARC,UGC07577,0.7,-0.016258528202914627,0.0841039128494705,0.018342563029226766,13,4,21.697126,28.829502,warn,low_r2,data/SPARC/Rotmod/UGC07577_rotmod.dat
SPARC,UGC07577,0.8,0.14057325032250803,0.023059133930670397,0.9737971160024915,13,3,24.074585,28.829502,ok,ok,data/SPARC/Rotmod/UGC07577_rotmod.dat
SPARC,UGC07603,0.6,0.19499043443286204,0.08896562537065406,0.37518399345565034,25,10,8.609391,13.595025,ok,ok,data/SPARC/Rotmod/UGC07603_rotmod.dat
SPARC,UGC07603,0.7,0.4053917464179755,0.09672776855309355,0.7453848046865266,25,8,9.717309,13.595025,ok,ok,data/SPARC/Rotmod/UGC07603_rotmod.dat
SPARC,UGC07603,0.8,0.23366821388063744,0.16490012287294445,0.4009549328616081,25,5,11.379188,13.595025,ok,ok,data/SPARC/Rotmod/UGC07603_rotmod.dat
SPARC,UGC07603b,0.6,0.048987481923638436,0.09556263586450818,0.01842424828981959,39,16,17.946227,29.454636,warn,low_r2,data/SPARC/Rotmod/UGC07603b_rotmod.dat
SPARC,UGC07603b,0.7,-0.018862536340277396,0.18461418117801,0.0010428381895776218,39,12,21.015136,29.454636,warn,low_r2,data/SPARC/Rotmod/UGC07603b_rotmod.dat
SPARC,UGC07603b,0.8,0.1685805391399494,0.41736994657517223,0.02647098955500482,39,8,24.084045,29.454636,warn,low_r2;high_err,data/SPARC/Rotmod/UGC07603b_rotmod.dat
SPARC,UGC07608,0.6,0.12677905417247864,0.06461624148293733,0.2995871708963397,28,11,14.388237,22.675436,ok,ok,data/SPARC/Rotmod/UGC07608_rotmod.dat
SPARC,UGC07608,0.7,0.14070281556166256,0.10392264629518873,0.20752586712620213,28,9,16.045677,22.675436,ok,ok,data/SPARC/Rotmod/UGC07608_rotmod.dat
SPARC,UGC07608,0.8,0.36143138709763944,0.23646107168490477,0.368718802532093,28,6,18.531836,22.675436,warn,high_err,data/SPARC/Rotmod/UGC07608_rotmod.dat
SPARC,UGC07690,0.6,0.04418693319560527,0.03169965973342571,0.09742882684232035,49,20,14.666661,24.079301,warn,low_r2,data/SPARC/Rotmod/UGC07690_rotmod.dat
SPARC,UGC07690,0.7,0.006867268691282663,0.05218349406242457,0.0013303939175846047,49,15,17.143672,24.079301,warn,low_r2,data/SPARC/Rotmod/UGC07690_rotmod.dat
SPARC,UGC07690,0.8,-0.22770093873740907,0.06908184860095881,0.5759185291907951,49,10,19.620682,24.079301,ok,ok,data/SPARC/Rotmod/UGC07690_rotmod.dat
SPARC,UGC07866,0.6,0.10350929712708133,0.08522437997767836,0.1973386377334848,20,8,9.689454,15.166635,warn,low_r2,data/SPARC/Rotmod/UGC07866_rotmod.dat
SPARC,UGC07866,0.7,0.027403114331615505,0.16638997323827504,0.00673520151971474,20,6,11.254363,15.166635,warn,low_r2,data/SPARC/Rotmod/UGC07866_rotmod.dat
SPARC,UGC07866,0.8,0.22933321672735257,0.4301777424440018,0.12442343493836083,20,4,12.819272,15.166635,warn,low_r2;high_err,data/SPARC/Rotmod/UGC07866_rotmod.dat
SPARC,UGC08286,0.6,0.04307493631246472,0.06502836674396224,0.05898506616777455,22,9,9.905643,15.816808,warn,low_r2,data/SPARC/Rotmod/UGC08286_rotmod.dat
SPARC,UGC08286,0.7,-0.07048055281610081,0.09794776331064149,0.09383930325427625,22,7,11.383434,15.816808,warn,low_r2,data/SPARC/Rotmod/UGC08286_rotmod.dat
SPARC,UGC08286,0.8,-0.30056348976890834,0.14550008459020197,0.5871879132022186,22,5,12.861225,15.816808,ok,ok,data/SPARC/Rotmod/UGC08286_rotmod.dat
SPARC,UGC08490,0.6,0.17770540129671986,0.07002131957124046,0.41712912822169257,27,11,12.805005,20.620633,ok,ok,data/SPARC/Rotmod/UGC08490_rotmod.dat
SPARC,UGC08490,0.7,0.06285945097149989,0.07991731632342897,0.0934735259360292,27,8,15.149693,20.620633,warn,low_r2,data/SPARC/Rotmod/UGC08490_rotmod.dat
SPARC,UGC08490,0.8,-0.04551243316776286,0.1411909710574803,0.02531912604618436,27,6,16.712819,20.620633,warn,low_r2,data/SPARC/Rotmod/UGC08490_rotmod.dat
SPARC,UGC08550,0.6,-0.020318495335236865,0.05841890827476924,0.0066756688053877244,49,20,18.235465,29.986287,warn,low_r2,data/SPARC/Rotmod/UGC08550_rotmod.dat
SPARC,UGC08550,0.7,-0.01697118172126816,0.094139643208589,0.0024937410171089747,49,15,21.327787,29.986287,warn,low_r2,data/SPARC/Rotmod/UGC08550_rotmod.dat
SPARC,UGC08550,0.8,-0.05233572558590165,0.1955287683342731,0.008875916588824695,49,10,24.420108,29.986287,warn,low_r2,data/SPARC/Rotmod/UGC08550_rotmod.dat
SPARC,UGC08837,0.6,0.10327664990523797,0.05894596891594235,0.1609726822490256,44,18,14.48374,23.757723,warn,low_r2,data/SPARC/Rotmod/UGC08837_rotmod.dat
SPARC,UGC08837,0.7,0.10478351710284714,0.08767073490839962,0.10637743837985203,44,14,16.665854,23.757723,warn,low_r2,data/SPARC/Rotmod/UGC08837_rotmod.dat
SPARC,UGC08837,0.8,0.1777019374706175,0.23676282124099124,0.07448085921006709,44,9,19.393496,23.757723,warn,low_r2;high_err,data/SPARC/Rotmod/UGC08837_rotmod.dat
SPARC,UGC09037,0.6,0.1456286276834552,0.0536907185430474,0.7103381439194945,13,5,19.8007,29.55105,ok,ok,data/SPARC/Rotmod/UGC09037_rotmod.dat
SPARC,UGC09037,0.7,0.08088858612531973,0.07640398072718169,0.3591463104635416,13,4,22.238287,29.55105,ok,ok,data/SPARC/Rotmod/UGC09037_rotmod.dat
SPARC,UGC09037,0.8,0.07972081269865175,0.17959024985276964,0.16461347758376632,13,3,24.675875,29.55105,warn,low_r2,data/SPARC/Rotmod/UGC09037_rotmod.dat
SPARC,UGC09133,0.6,0.1429085034652945,0.09410336866807442,0.2776521016136565,20,8,17.433755,27.428446,ok,ok,data/SPARC/Rotmod/UGC09133_rotmod.dat
SPARC,UGC09133,0.7,0.13145833218227235,0.18877678969086742,0.10812431659473054,20,6,20.289381,27.428446,warn,low_r2,data/SPARC/Rotmod/UGC09133_rotmod.dat
SPARC,UGC09133,0.8,0.008439151684722344,0.522101369676977,0.00013061744820552779,20,4,23.145007,27.428446,warn,low_r2;high_err,data/SPARC/Rotmod/UGC09133_rotmod.dat
SPARC,UGC09133b,0.6,0.18005980917936298,0.034973997269087,0.6543715845011897,38,16,12.474734,20.775689,ok,ok,data/SPARC/Rotmod/UGC09133b_rotmod.dat
SPARC,UGC09133b,0.7,0.09642353873793733,0.03967166234275245,0.3713665701997735,38,12,14.688322,20.775689,ok,ok,data/SPARC/Rotmod/UGC09133b_rotmod.dat
SPARC,UGC09133b,0.8,0.0747281067950008,0.09778996236967984,0.08869365368013626,38,8,16.90191,20.775689,warn,low_r2,data/SPARC/Rotmod/UGC09133b_rotmod.dat
SPARC,UGC09992,0.6,0.10517909985902944,0.043959743997441535,0.2635092675697379,43,18,13.07646,21.764453,ok,ok,data/SPARC/Rotmod/UGC09992_rotmod.dat
SPARC,UGC09992,0.7,0.059419927047944666,0.08872355491444786,0.039177510372188196,43,13,15.631752,21.764453,warn,low_r2,data/SPARC/Rotmod/UGC09992_rotmod.dat
SPARC,UGC09992,0.8,0.3269656232717999,0.13723433177639716,0.4477959670960926,43,9,17.675986,21.764453,ok,ok,data/SPARC/Rotmod/UGC09992_rotmod.dat
SPARC,UGC10310,0.6,0.17390398064215798,0.03363395729031856,0.8698507618874417,14,6,16.868984,27.224599,ok,ok,data/SPARC/Rotmod/UGC10310_rotmod.dat
SPARC,UGC10310,0.7,0.17422317964882686,0.09677139945345298,0.618414517202901,14,4,21.01123,27.224599,ok,ok,data/SPARC/Rotmod/UGC10310_rotmod.dat
SPARC,UGC10310,0.8,0.30291373973191715,0.1586512933808565,0.7847354325421192,14,3,23.082353,27.224599,ok,ok,data/SPARC/Rotmod/UGC10310_rotmod.dat
SPARC,UGC11455,0.6,0.1965975534662643,0.0577414051629862,0.4201347598518784,44,18,8.735791,14.251501,ok,ok,data/SPARC/Rotmod/UGC11455_rotmod.dat
SPARC,UGC11455,0.7,0.136668682772104,0.09804432224254724,0.13935869183741922,44,14,10.033605,14.251501,warn,low_r2,data/SPARC/Rotmod/UGC11455_rotmod.dat
SPARC,UGC11455,0.8,0.1853648836590563,0.21937001790277338,0.0925594038676032,44,9,11.655873,14.251501,warn,low_r2;high_err,data/SPARC/Rotmod/UGC11455_rotmod.dat
SPARC,UGC11557,0.6,0.2387042269011001,0.09428750633019779,0.4779749995725885,22,9,9.937568,15.868379,ok,ok,data/SPARC/Rotmod/UGC11557_rotmod.dat
SPARC,UGC11557,0.7,0.2899780890216352,0.16260540383825706,0.3887712755697188,22,7,11.420271,15.868379,ok,ok,data/SPARC/Rotmod/UGC11557_rotmod.dat
SPARC,UGC11557,0.8,0.3997440867508558,0.05574526910282652,0.9448751262967398,22,5,12.902973,15.868379,ok,ok,data/SPARC/Rotmod/UGC11557_rotmod.dat
SPARC,UGC11583,0.6,0.09442293308468767,0.04849621355428318,0.1823335432213753,46,19,17.026724,28.177873,warn,low_r2,data/SPARC/Rotmod/UGC11583_rotmod.dat
SPARC,UGC11583,0.7,0.09730839932509504,0.08365357811980267,0.1013326355003159,46,14,20.124265,28.177873,warn,low_r2,data/SPARC/Rotmod/UGC11583_rotmod.dat
SPARC,UGC11583,0.8,0.11871576090682523,0.11875625622503444,0.11104376040794306,46,10,22.602298,28.177873,warn,low_r2,data/SPARC/Rotmod/UGC11583_rotmod.dat
SPARC,UGC11616,0.6,0.13102561115143652,0.0976084355398844,0.2047197870995795,23,9,17.728811,27.688132,ok,ok,data/SPARC/Rotmod/UGC11616_rotmod.dat
SPARC,UGC11616,0.7,0.15850726236938434,0.17343041523201222,0.14314752789414753,23,7,20.218641,27.688132,warn,low_r2,data/SPARC/Rotmod/UGC11616_rotmod.dat
SPARC,UGC11616,0.8,0.39799838900235973,0.3402998603719133,0.31316352974331196,23,5,22.708472,27.688132,warn,high_err,data/SPARC/Rotmod/UGC11616_rotmod.dat
SPARC,UGC11648,0.6,0.20561830227313188,0.08115971827590877,0.4162906277690962,28,11,11.546312,18.161789,ok,ok,data/SPARC/Rotmod/UGC11648_rotmod.dat
SPARC,UGC11648,0.7,0.13437000696741627,0.09739990048155626,0.21376708470248063,28,9,12.869407,18.161789,ok,ok,data/SPARC/Rotmod/UGC11648_rotmod.dat
SPARC,UGC11648,0.8,0.2160017752196943,0.20338335009363115,0.2199588222158101,28,6,14.85405,18.161789,warn,high_err,data/SPARC/Rotmod/UGC11648_rotmod.dat
SPARC,UGC11748,0.6,0.13116226574612777,0.04689277490376063,0.3757079616541079,37,15,14.352277,23.294635,ok,ok,data/SPARC/Rotmod/UGC11748_rotmod.dat
SPARC,UGC11748,0.7,0.048114908749394635,0.05686471704373793,0.07368667656355177,37,11,16.907236,23.294635,warn,low_r2,data/SPARC/Rotmod/UGC11748_rotmod.dat
SPARC,UGC11748,0.8,0.11387963256263968,0.09954827638507739,0.17905533286043052,37,8,18.823456,23.294635,warn,low_r2,data/SPARC/Rotmod/UGC11748_rotmod.dat
SPARC,UGC11820,0.6,0.17856191960405426,0.05274606184295101,0.696239621241169,16,7,14.903086,24.638476,ok,ok,data/SPARC/Rotmod/UGC11820_rotmod.dat
SPARC,UGC11820,0.7,0.1578866546441682,0.12385413849304885,0.35135997585763923,16,5,18.148216,24.638476,ok,ok,data/SPARC/Rotmod/UGC11820_rotmod.dat
SPARC,UGC11820,0.8,-0.03749413882648899,0.12043157710764106,0.04622348112599173,16,4,19.770781,24.638476,warn,low_r2,data/SPARC/Rotmod/UGC11820_rotmod.dat
SPARC,UGC12506,0.6,-0.017183094189336244,0.06693112725196139,0.005956064026017116,33,13,18.332765,29.152424,warn,low_r2,data/SPARC/Rotmod/UGC12506_rotmod.dat
SPARC,UGC12506,0.7,-0.11832903074253812,0.08629934763161853,0.19028685614963392,33,10,21.03768,29.152424,warn,low_r2,data/SPARC/Rotmod/UGC12506_rotmod.dat
SPARC,UGC12506,0.8,-0.035397069760252586,0.1673971238374232,0.00886343641213616,33,7,23.742595,29.152424,warn,low_r2,data/SPARC/Rotmod/UGC12506_rotmod.dat
SPARC,UGC12632,0.6,0.09830699345131091,0.06139229119410249,0.18903794714551336,31,13,14.951003,24.718339,warn,low_r2,data/SPARC/Rotmod/UGC12632_rotmod.dat
SPARC,UGC12632,0.7,-0.007120426207052604,0.10298985527279023,0.0005971365940196094,31,10,17.392837,24.718339,warn,low_r2,data/SPARC/Rotmod/UGC12632_rotmod.dat
SPARC,UGC12632,0.8,0.084957313155622,0.10235946491225377,0.12109285408538095,31,7,19.834671,24.718339,warn,low_r2,data/SPARC/Rotmod/UGC12632_rotmod.dat
SPARC,UGC12732,0.6,0.06193009867995207,0.05544134861439499,0.07679661881528532,41,17,13.046333,21.543889,warn,low_r2,data/SPARC/Rotmod/UGC12732_rotmod.dat
SPARC,UGC12732,0.7,0.13607070971917676,0.09930091959320662,0.14580921046748319,41,13,15.170722,21.543889,warn,low_r2,data/SPARC/Rotmod/UGC12732_rotmod.dat
SPARC,UGC12732,0.8,0.13758814632116248,0.16541714537558527,0.08994378797646974,41,9,17.295111,21.543889,warn,low_r2,data/SPARC/Rotmod/UGC12732_rotmod.dat
SPARC,UGCA281,0.6,0.12530743890985124,0.055816848563037945,0.2187470668865934,49,20,12.77964,20.955956,ok,ok,data/SPARC/Rotmod/UGCA281_rotmod.dat
SPARC,UGCA281,0.7,0.027763284460614053,0.08771518777636578,0.00764741649110412,49,15,14.931302,20.955956,warn,low_r2,data/SPARC/Rotmod/UGCA281_rotmod.dat
SPARC,UGCA281,0.8,0.10078034142584882,0.1919404487997317,0.03331305822421793,49,10,17.082965,20.955956,warn,low_r2,data/SPARC/Rotmod/UGCA281_rotmod.dat
SPARC,UGCA442,0.6,0.0544925301611743,0.05995782537747745,0.05974279261796378,37,15,13.499681,21.899478,warn,low_r2,data/SPARC/Rotmod/UGCA442_rotmod.dat
SPARC,UGCA442,0.7,0.1273400260028119,0.10624843510018685,0.13763623238933065,37,11,15.899623,21.899478,warn,low_r2,data/SPARC/Rotmod/UGCA442_rotmod.dat
SPARC,UGCA442,0.8,0.007505347089719526,0.18319201443634375,0.0002796763587279427,37,8,17.69958,21.899478,warn,low_r2,data/SPARC/Rotmod/UGCA442_rotmod.dat
SPARC,UGCA444,0.6,-0.05627561588456923,0.044252949497571435,0.15231660039865547,27,11,15.996594,25.806965,warn,low_r2,data/SPARC/Rotmod/UGCA444_rotmod.dat
SPARC,UGCA444,0.7,-0.12565748106490202,0.08714783116694322,0.2573378079166412,27,8,18.939705,25.806965,ok,ok,data/SPARC/Rotmod/UGCA444_rotmod.dat
SPARC,UGCA444,0.8,-0.0831261618229681,0.1669653849417172,0.05835142073140909,27,6,20.90178,25.806965,warn,low_r2,data/SPARC/Rotmod/UGCA444_rotmod.dat
