galaxy,r_kpc,g_bar,g_obs,log_g_bar,log_g_obs,logMbar,env_proxy
G0000,0.5,8.711205343784206e-08,1.0501292019005198e-07,-7.059921748788339,-6.978757264529609,8.6,-0.608585
G0000,1.263157894736842,3.448185448581248e-08,4.050937322098769e-08,-7.462409385211098,-7.3924444763615185,8.6,-0.608585
G0000,2.026315789473684,2.149518201712986e-08,2.7254579738560872e-08,-7.667658873007992,-7.56456051033895,8.6,-0.608585
G0000,2.7894736842105265,1.5614424672820746e-08,1.8784127057855936e-08,-7.80647401310028,-7.726208982807954,8.6,-0.608585
G0000,3.5526315789473686,1.226021492828888e-08,1.3824143088443302e-08,-7.911501916330517,-7.859361779625038,8.6,-0.608585
G0000,4.315789473684211,1.0092250093408533e-08,1.2452965557001831e-08,-7.996011995883208,-7.904727213092273,8.6,-0.608585
G0000,5.078947368421053,8.575798006834191e-09,1.1583986493599748e-08,-8.066725456843283,-7.936141957514204,8.6,-0.608585
G0000,5.842105263157895,7.455536105040536e-09,9.736146295143086e-09,-8.127521122286149,-8.011612909028605,8.6,-0.608585
G0000,6.605263157894737,6.5941395032629454e-09,7.307449457793901e-09,-8.180841869316549,-8.136234179771705,8.6,-0.608585
G0000,7.36842105263158,5.911175054710711e-09,6.174799579613261e-09,-8.22832617917773,-8.209377134081349,8.6,-0.608585
G0000,8.131578947368421,5.3564045803203865e-09,5.985429762192807e-09,-8.271126627260346,-8.222904661189387,8.6,-0.608585
G0000,8.894736842105264,4.8968314062692275e-09,5.853683628565684e-09,-8.310084848113165,-8.232570753388568,8.6,-0.608585
G0000,9.657894736842106,4.509888325119888e-09,4.193187776701712e-09,-8.345834212087599,-8.377455688858204,8.6,-0.608585
G0000,10.421052631578949,4.179618725553028e-09,4.867472323634888e-09,-8.378863333761023,-8.312696509191971,8.6,-0.608585
G0000,11.18421052631579,3.894421212515292e-09,4.076580854898584e-09,-8.409557077885822,-8.389703939458421,8.6,-0.608585
G0000,11.947368421052632,3.6456586240506593e-09,4.028083020422078e-09,-8.438224000692614,-8.394901587041053,8.6,-0.608585
G0000,12.710526315789474,3.426768147658383e-09,3.860481407452325e-09,-8.465115278587023,-8.413358534819508,8.6,-0.608585
G0000,13.473684210526317,3.2326738580449197e-09,3.727662197922345e-09,-8.490438108811341,-8.428563450455758,8.6,-0.608585
G0000,14.23684210526316,3.059388198371532e-09,3.793596842228363e-09,-8.51436541294208,-8.42094882487036,8.6,-0.608585
G0000,15.0,2.903735114594735e-09,3.8266030266599345e-09,-8.537043003508002,-8.417186589323277,8.6,-0.608585
G0001,0.5,9.521135395910515e-08,1.1189470592220275e-07,-7.021311258886884,-6.951190460774278,8.747368,-0.938311
G0001,1.263157894736842,3.7687827608812456e-08,5.120677267354074e-08,-7.423798895309642,-7.2906725948791395,8.747368,-0.938311
G0001,2.026315789473684,2.3493710717181793e-08,2.613919661363771e-08,-7.629048383106537,-7.58270776456059,8.747368,-0.938311
G0001,2.7894736842105265,1.706618608700941e-08,2.103733710633e-08,-7.767863523198825,-7.67700923377766,8.747368,-0.938311
G0001,3.5526315789473686,1.3400116483133314e-08,1.7426347223549218e-08,-7.872891426429061,-7.7587936368089405,8.747368,-0.938311
G0001,4.315789473684211,1.103058369038413e-08,1.325539984329114e-08,-7.957401505981752,-7.877607167431762,8.747368,-0.938311
G0001,5.078947368421053,9.373138472658018e-09,1.0344292348506915e-08,-8.028114966941828,-7.9852992140026435,8.747368,-0.938311
G0001,5.842105263157895,8.148719482986475e-09,8.82731390586575e-09,-8.088910632384694,-8.054171429302393,8.747368,-0.938311
G0001,6.605263157894737,7.207233965031862e-09,8.191809340808718e-09,-8.142231379415094,-8.086620164180534,8.747368,-0.938311
G0001,7.36842105263158,6.4607704472249906e-09,7.861691654045257e-09,-8.189715689276275,-8.10448399378644,8.747368,-0.938311
G0001,8.131578947368421,5.854419822728148e-09,6.283654055214005e-09,-8.232516137358889,-8.201787732933033,8.747368,-0.938311
G0001,8.894736842105264,5.3521175302455555e-09,6.238991943603031e-09,-8.27147435821171,-8.204885575172812,8.747368,-0.938311
G0001,9.657894736842106,4.9291981613705655e-09,5.775034096866732e-09,-8.307223722186144,-8.238445447273506,8.747368,-0.938311
G0001,10.421052631578949,4.568221528340902e-09,5.736471005984546e-09,-8.340252843859567,-8.241355197141152,8.747368,-0.938311
G0001,11.18421052631579,4.256507588759994e-09,5.176631702319742e-09,-8.370946587984367,-8.285952732321602,8.747368,-0.938311
G0001,11.947368421052632,3.984616134852417e-09,4.913665833779036e-09,-8.39961351079116,-8.308594382141761,8.747368,-0.938311
G0001,12.710526315789474,3.745374172304342e-09,4.172019064326281e-09,-8.426504788685568,-8.379653715702652,8.747368,-0.938311
G0001,13.473684210526317,3.533233838326166e-09,4.151891691237503e-09,-8.451827618909885,-8.381753984280845,8.747368,-0.938311
G0001,14.23684210526316,3.3438368303567407e-09,4.2989592693471726e-09,-8.475754923040624,-8.366636669603059,8.747368,-0.938311
G0001,15.0,3.1737117986368373e-09,4.3635504190875285e-09,-8.498432513606547,-8.360160001568465,8.747368,-0.938311
G0002,0.5,1.0367058578533937e-07,1.0836749831948497e-07,-6.984344447498858,-6.965100952272039,8.894737,-0.327496
G0002,1.263157894736842,4.103627354003017e-08,5.652859330338647e-08,-7.386832083921616,-7.2477318216896816,8.894737,-0.327496
G0002,2.026315789473684,2.5581053635343482e-08,3.469024606875983e-08,-7.592081571718511,-7.45979261956049,8.894737,-0.327496
G0002,2.7894736842105265,1.858246348982498e-08,2.3884172525760414e-08,-7.730896711810799,-7.6218898003811,8.894737,-0.327496
G0002,3.5526315789473686,1.4590675036455169e-08,1.7832255554386084e-08,-7.835924615041035,-7.748793720600921,8.894737,-0.327496
G0002,4.315789473684211,1.2010616645862487e-08,1.3853027094733489e-08,-7.920434694593727,-7.858455316354548,8.894737,-0.327496
G0002,5.078947368421053,1.0205912590266571e-08,1.3985956550757953e-08,-7.991148155553803,-7.854307825287498,8.894737,-0.327496
G0002,5.842105263157895,8.872707792438954e-09,1.2734798536983804e-08,-8.051943820996668,-7.895007921133683,8.894737,-0.327496
G0002,6.605263157894737,7.847574222794613e-09,1.1101318601704522e-08,-8.105264568027067,-7.95462543315634,8.894737,-0.327496
G0002,7.36842105263158,7.0347897497194565e-09,9.512332787684592e-09,-8.152748877888248,-8.021712964389481,8.894737,-0.327496
G0002,8.131578947368421,6.3745667634998325e-09,7.862406060599134e-09,-8.195549325970864,-8.104444530431527,8.894737,-0.327496
G0002,8.894736842105264,5.827636479057538e-09,6.124698916756891e-09,-8.234507546823684,-8.212915255862205,8.894737,-0.327496
G0002,9.657894736842106,5.3671420433826916e-09,6.386613424920322e-09,-8.270256910798118,-8.194729370440553,8.894737,-0.327496
G0002,10.421052631578949,4.974093762427898e-09,6.31665851862758e-09,-8.303286032471542,-8.199512600624125,8.894737,-0.327496
G0002,11.18421052631579,4.634685011579878e-09,4.829530056536478e-09,-8.33397977659634,-8.316095126760391,8.894737,-0.327496
G0002,11.947368421052632,4.338636850047241e-09,5.371145649908998e-09,-8.362646699403133,-8.26993307065669,8.894737,-0.327496
G0002,12.710526315789474,4.0781389853446134e-09,5.065869197905452e-09,-8.389537977297541,-8.295346028000122,8.894737,-0.327496
G0002,13.473684210526317,3.8471506443778284e-09,4.904275152133431e-09,-8.41486080752186,-8.309425171911133,8.894737,-0.327496
G0002,14.23684210526316,3.64092630299713e-09,3.836383925537501e-09,-8.438788111652599,-8.416077937372322,8.894737,-0.327496
G0002,15.0,3.455686192844645e-09,3.846199259457975e-09,-8.46146570221852,-8.41496822008677,8.894737,-0.327496
G0003,0.5,1.1248978492332835e-07,1.281356811316949e-07,-6.9488869135779945,-6.892329918179983,9.042105,-0.196778
G0003,1.263157894736842,4.4527206532150803e-08,4.69890038989488e-08,-7.351374550000752,-7.328003761314039,9.042105,-0.196778
G0003,2.026315789473684,2.7757219656405696e-08,3.904188671286794e-08,-7.556624037797647,-7.408469203065065,9.042105,-0.196778
G0003,2.7894736842105265,2.0163263335313567e-08,2.28282797178552e-08,-7.695439177889936,-7.641526814624186,9.042105,-0.196778
G0003,3.5526315789473686,1.583189565587584e-08,1.9472632340943613e-08,-7.800467081120171,-7.710575335903067,9.042105,-0.196778
G0003,4.315789473684211,1.3032353131361212e-08,1.5116141719358797e-08,-7.884977160672864,-7.820559045066283,9.042105,-0.196778
G0003,5.078947368421053,1.107412390436911e-08,1.5353699673771206e-08,-7.9556906216329395,-7.813786958668572,9.042105,-0.196778
G0003,5.842105263157895,9.627504115059631e-09,1.302458311360636e-08,-8.016486287075804,-7.88523616855495,9.042105,-0.196778
G0003,6.605263157894737,8.515163002164296e-09,1.0789307668235934e-08,-8.069807034106203,-7.967006422370982,9.042105,-0.196778
G0003,7.36842105263158,7.633235405511566e-09,7.195125654167015e-09,-8.117291343967384,-8.142961617233304,9.042105,-0.196778
G0003,8.131578947368421,6.916847616644784e-09,8.277246064514173e-09,-8.16009179205,-8.082114133979326,9.042105,-0.196778
G0003,8.894736842105264,6.323390276755143e-09,8.051316114275202e-09,-8.19905001290282,-8.094133121564086,9.042105,-0.196778
G0003,9.657894736842106,5.823721835267679e-09,7.646524149939373e-09,-8.234799376877255,-8.116535935505551,9.042105,-0.196778
G0003,10.421052631578949,5.397237155412218e-09,6.034396693534351e-09,-8.267828498550678,-8.219366143257806,9.042105,-0.196778
G0003,11.18421052631579,5.0289550906899735e-09,7.127353898772591e-09,-8.298522242675476,-8.147071676383593,9.042105,-0.196778
G0003,11.947368421052632,4.7077222765269575e-09,4.888836912455257e-09,-8.32718916548227,-8.310794450198246,9.042105,-0.196778
G0003,12.710526315789474,4.4250640031951105e-09,4.925211430609487e-09,-8.354080443376677,-8.30757512127275,9.042105,-0.196778
G0003,13.473684210526317,4.174425612389137e-09,5.4450985195662205e-09,-8.379403273600996,-8.263994258035499,9.042105,-0.196778
G0003,14.23684210526316,3.950657880856263e-09,4.726266767376459e-09,-8.403330577731735,-8.325481768880156,9.042105,-0.196778
G0003,15.0,3.749659497444278e-09,5.402473704048685e-09,-8.426008168297656,-8.267407338320583,9.042105,-0.196778
G0004,0.5,1.2166895137307194e-07,1.475875441745561e-07,-6.914820234980434,-6.8309502937631255,9.189474,-0.990574
G0004,1.263157894736842,4.8160626585174316e-08,5.3761223028976186e-08,-7.317307871403192,-7.269530859956206,9.189474,-0.990574
G0004,2.026315789473684,3.00222087803684e-08,3.4404045738416714e-08,-7.5225573592000865,-7.463390483633237,9.189474,-0.990574
G0004,2.7894736842105265,2.180858562347516e-08,2.320699579405833e-08,-7.661372499292375,-7.6343810764552575,9.189474,-0.990574
G0004,3.5526315789473686,1.7123778341395313e-08,1.7864050124656244e-08,-7.766400402522611,-7.748020071350016,9.189474,-0.990574
G0004,4.315789473684211,1.4095793146880284e-08,1.785526539910069e-08,-7.850910482075303,-7.748233690108091,9.189474,-0.990574
G0004,5.078947368421053,1.1977772414965633e-08,1.5100002222794547e-08,-7.921623943035379,-7.821022988776543,9.189474,-0.990574
G0004,5.842105263157895,1.04131084508485e-08,1.4053312259160284e-08,-7.982419608478243,-7.852221303777311,9.189474,-0.990574
G0004,6.605263157894737,9.210000303140904e-09,1.0152529923478325e-08,-8.035740355508644,-7.993425721800263,9.189474,-0.990574
G0004,7.36842105263158,8.25610741460131e-09,1.1558985167380208e-08,-8.083224665369825,-7.937080293558544,9.189474,-0.990574
G0004,8.131578947368421,7.481262382162998e-09,8.65215434623477e-09,-8.126025113452439,-8.062875741761822,9.189474,-0.990574
G0004,8.894736842105264,6.839378923338363e-09,9.474481740329904e-09,-8.16498333430526,-8.023444536871313,9.189474,-0.990574
G0004,9.657894736842106,6.298937537025522e-09,7.177716636353072e-09,-8.200732698279694,-8.144013690847773,9.189474,-0.990574
G0004,10.421052631578949,5.837651707293855e-09,6.447857453275847e-09,-8.233761819953116,-8.19058457231029,9.189474,-0.990574
G0004,11.18421052631579,5.439317826090275e-09,6.638138294615905e-09,-8.264455564077917,-8.177953704027004,9.189474,-0.990574
G0004,11.947368421052632,5.091872414291557e-09,6.703121375788218e-09,-8.293122486884709,-8.173722916611375,9.189474,-0.990574
G0004,12.710526315789474,4.786149225855832e-09,5.789909802589255e-09,-8.320013764779118,-8.237328201824011,9.189474,-0.990574
G0004,13.473684210526317,4.515058742360091e-09,5.064954484674108e-09,-8.345336595003436,-8.295424452997421,9.189474,-0.990574
G0004,14.23684210526316,4.273031563934134e-09,4.4275514184703e-09,-8.369263899134173,-8.35383638651773,9.189474,-0.990574
G0004,15.0,4.055631712435732e-09,4.1751724240363645e-09,-8.391941489700097,-8.379325584548933,9.189474,-0.990574
G0005,0.5,1.312080851345702e-07,1.6415079713513837e-07,-6.882039402604095,-6.784757003945598,9.336842,-0.722233
G0005,1.263157894736842,5.193653369910071e-08,6.809997840259818e-08,-7.284527039026853,-7.166853025820459,9.336842,-0.722233
G0005,2.026315789473684,3.2376021007231605e-08,3.7912269567221826e-08,-7.489776526823748,-7.421220216338073,9.336842,-0.722233
G0005,2.7894736842105265,2.3518430354309753e-08,2.5070919981807063e-08,-7.628591666916036,-7.600829729237176,9.336842,-0.722233
G0005,3.5526315789473686,1.8466323093013583e-08,2.394489523794374e-08,-7.733619570146272,-7.620787058712519,9.336842,-0.722233
G0005,4.315789473684211,1.5200936692419716e-08,1.58534859254659e-08,-7.818129649698964,-7.79987522860466,9.336842,-0.722233
G0005,5.078947368421053,1.2916858122056133e-08,1.4300268597413344e-08,-7.88884311065904,-7.844655805242703,9.336842,-0.722233
G0005,5.842105263157895,1.1229520799805556e-08,1.4211582204879561e-08,-7.949638776101905,-7.847357568476718,9.336842,-0.722233
G0005,6.605263157894737,9.932086125724435e-09,9.313036272837909e-09,-8.002959523132304,-8.030908705531854,9.336842,-0.722233
G0005,7.36842105263158,8.903405776988691e-09,1.1012780043710257e-08,-8.050443832993485,-7.958103034775883,9.336842,-0.722233
G0005,8.131578947368421,8.067811060054478e-09,9.054027081639069e-09,-8.093244281076101,-8.043158210813948,9.336842,-0.722233
G0005,8.894736842105264,7.375602418807198e-09,8.876699918891547e-09,-8.132202501928921,-8.05174846140531,9.336842,-0.722233
G0005,9.657894736842106,6.792789148656222e-09,8.02555773267751e-09,-8.167951865903355,-8.09552477676639,9.336842,-0.722233
G0005,10.421052631578949,6.295337418072811e-09,7.646693370719934e-09,-8.200980987576779,-8.116526324493202,9.336842,-0.722233
G0005,11.18421052631579,5.865773217780785e-09,7.476225385838321e-09,-8.231674731701577,-8.126317614415942,9.336842,-0.722233
G0005,11.947368421052632,5.491087263341042e-09,6.050664691942719e-09,-8.26034165450837,-8.21819691358119,9.336842,-0.722233
G0005,12.710526315789474,5.161394653326777e-09,7.048664378400028e-09,-8.287232932402778,-8.151893167837425,9.336842,-0.722233
G0005,13.473684210526317,4.8690500342906894e-09,6.225011622747336e-09,-8.312555762627097,-8.205859833358279,9.336842,-0.722233
G0005,14.23684210526316,4.608047352230745e-09,5.9583900957380675e-09,-8.336483066757836,-8.224871066934925,9.336842,-0.722233
G0005,15.0,4.373602837819006e-09,5.830842590033599e-09,-8.359160657323757,-8.234268682674745,9.336842,-0.722233
G0006,0.5,1.4110718620782306e-07,1.814756470699106e-07,-6.850450868237632,-6.741181646400677,9.484211,-0.219543
G0006,1.263157894736842,5.585492787392996e-08,7.222506047098132e-08,-7.252938504660389,-7.141312085867255,9.484211,-0.219543
G0006,2.026315789473684,3.48186563369953e-08,4.1764742686623496e-08,-7.458187992457284,-7.37919018994647,9.484211,-0.219543
G0006,2.7894736842105265,2.5292797527817336e-08,2.5967645404039365e-08,-7.597003132549573,-7.585567427898329,9.484211,-0.219543
G0006,3.5526315789473686,1.9859529910730648e-08,2.332411328598721e-08,-7.702031035779808,-7.632194857863253,9.484211,-0.219543
G0006,4.315789473684211,1.6347783767979497e-08,1.7992867711970392e-08,-7.786541115332501,-7.744899613072991,9.484211,-0.219543
G0006,5.078947368421053,1.3891381025640611e-08,1.4268215853589093e-08,-7.857254576292576,-7.845630329154713,9.484211,-0.219543
G0006,5.842105263157895,1.20767411619308e-08,1.4751062964153117e-08,-7.9180502417354415,-7.831176683222574,9.484211,-0.219543
G0006,6.605263157894737,1.0681420469914892e-08,1.2003294610249871e-08,-7.97137098876584,-7.92069953439658,9.484211,-0.219543
G0006,7.36842105263158,9.575130492673704e-09,1.0255322648803172e-08,-8.018855298627022,-7.989050671483765,9.484211,-0.219543
G0006,8.131578947368421,8.676493650319216e-09,9.27992433343064e-09,-8.061655746709636,-8.032455564913413,9.484211,-0.219543
G0006,8.894736842105264,7.932060763161651e-09,9.698101132047837e-09,-8.100613967562458,-8.013313291362863,9.484211,-0.219543
G0006,9.657894736842106,7.305276670159776e-09,9.011489237690628e-09,-8.136363331536892,-8.045203431632928,9.484211,-0.219543
G0006,10.421052631578949,6.7702942877490845e-09,9.161003974627364e-09,-8.169392453210314,-8.038056928433948,9.484211,-0.219543
G0006,11.18421052631579,6.308321265761501e-09,7.499465100231722e-09,-8.200086197335114,-8.124969711581912,9.484211,-0.219543
G0006,11.947368421052632,5.905366823675414e-09,7.781714783351231e-09,-8.228753120141906,-8.108924691071044,9.484211,-0.219543
G0006,12.710526315789474,5.550800285607945e-09,7.56721512161236e-09,-8.255644398036315,-8.121063919686296,9.484211,-0.219543
G0006,13.473684210526317,5.236399488180933e-09,6.971421293547244e-09,-8.280967228260634,-8.156678671397149,9.484211,-0.219543
G0006,14.23684210526316,4.955705245746096e-09,4.586722207410033e-09,-8.304894532391373,-8.338497561904692,9.484211,-0.219543
G0006,15.0,4.703572873594102e-09,6.308629485694079e-09,-8.327572122957294,-8.200064978544837,9.484211,-0.219543
G0007,0.5,1.5136616634266337e-07,1.8636988878116852e-07,-6.819971188328361,-6.729624253959193,9.631579,-0.279083
G0007,1.263157894736842,5.991577417730425e-08,7.438310772776568e-08,-7.2224588247511186,-7.128525680765633,9.631579,-0.279083
G0007,2.026315789473684,3.7350092993644216e-08,4.613041334096548e-08,-7.427708312548013,-7.336012653978418,9.631579,-0.279083
G0007,2.7894736842105265,2.7131671325571733e-08,3.354777119485918e-08,-7.566523452640302,-7.474336327653772,9.631579,-0.279083
G0007,3.5526315789473686,2.130338637415262e-08,2.6177747589939945e-08,-7.6715513558705375,-7.582067724146716,9.631579,-0.279083
G0007,4.315789473684211,1.75363241494549e-08,2.0134036609596627e-08,-7.75606143542323,-7.696069146048892,9.631579,-0.279083
G0007,5.078947368421053,1.4901332437878773e-08,1.4526635481791974e-08,-7.826774896383306,-7.837834961124722,9.631579,-0.279083
G0007,5.842105263157895,1.2954761984282e-08,1.5254840139338172e-08,-7.88757056182617,-7.816592339117417,9.631579,-0.279083
G0007,6.605263157894737,1.1457996655420732e-08,1.2566188535914866e-08,-7.940891308856569,-7.900796428664865,9.631579,-0.279083
G0007,7.36842105263158,1.0271275573252154e-08,1.3584185139969752e-08,-7.988375618717751,-7.8669664080247905,9.631579,-0.279083
G0007,8.131578947368421,9.307304726571534e-09,1.0762491030909107e-08,-8.031176066800366,-7.968087197464264,9.631579,-0.279083
G0007,8.894736842105264,8.508748995593503e-09,1.0214208343051598e-08,-8.070134287653186,-7.990795287922142,9.631579,-0.279083
G0007,9.657894736842106,7.83639553272644e-09,8.553286942812097e-09,-8.105883651627622,-8.067866958160334,9.631579,-0.279083
G0007,10.421052631578949,7.2625180820974835e-09,8.210024024734727e-09,-8.138912773301044,-8.085655572016435,9.631579,-0.279083
G0007,11.18421052631579,6.766958024730832e-09,8.046624204098217e-09,-8.169606517425843,-8.094386280753008,9.631579,-0.279083
G0007,11.947368421052632,6.3347074020057355e-09,6.462754455831156e-09,-8.198273440232635,-8.189582344232575,9.631579,-0.279083
G0007,12.710526315789474,5.954362651160671e-09,7.3032797409448124e-09,-8.225164718127044,-8.136482064054986,9.631579,-0.279083
G0007,13.473684210526317,5.617103829122272e-09,6.6162938987349676e-09,-8.250487548351362,-8.179385211471848,9.631579,-0.279083
G0007,14.23684210526316,5.316002145121264e-09,5.600433270157905e-09,-8.274414852482101,-8.251778373072385,9.631579,-0.279083
G0007,15.0,5.045538878088777e-09,4.652446240607124e-09,-8.297092443048022,-8.332318636476092,9.631579,-0.279083
G0008,0.5,1.619852902895928e-07,2.02860343813556e-07,-6.790524421482745,-6.692802842795162,9.778947,-0.115567
G0008,1.263157894736842,6.411917740629715e-08,7.407777351310325e-08,-7.193012057905503,-7.130312079316194,9.778947,-0.115567
G0008,2.026315789473684,3.99703963052242e-08,4.509527016563415e-08,-7.398261545702398,-7.345869006873399,9.778947,-0.115567
G0008,2.7894736842105265,2.9035099202851543e-08,3.375415342221198e-08,-7.537076685794686,-7.471672779948081,9.778947,-0.115567
G0008,3.5526315789473686,2.2797929744461212e-08,3.2294281086011634e-08,-7.642104589024922,-7.490874378990573,9.778947,-0.115567
G0008,4.315789473684211,1.8766588509160143e-08,2.223006886176725e-08,-7.726614668577613,-7.653059191991104,9.778947,-0.115567
G0008,5.078947368421053,1.5946738422291518e-08,1.9149021068562964e-08,-7.79732812953769,-7.71785342302111,9.778947,-0.115567
G0008,5.842105263157895,1.3863605925685871e-08,1.4141236955254881e-08,-7.858123794980554,-7.849512600486368,9.778947,-0.115567
G0008,6.605263157894737,1.2261834723116587e-08,1.7101157561431836e-08,-7.911444542010954,-7.766974491623781,9.778947,-0.115567
G0008,7.36842105263158,1.0991858983936654e-08,1.4313677092452916e-08,-7.958928851872135,-7.844248784421761,9.778947,-0.115567
G0008,8.131578947368421,9.960260567968491e-09,1.3156319636564533e-08,-8.00172929995475,-7.880865583752024,9.778947,-0.115567
G0008,8.894736842105264,9.105681998527404e-09,1.0891844149297024e-08,-8.040687520807571,-7.962898581579645,9.778947,-0.115567
G0008,9.657894736842106,8.386159442785458e-09,1.0919646618445325e-08,-8.076436884782005,-7.961791416039936,9.778947,-0.115567
G0008,10.421052631578949,7.772021503793593e-09,9.598810885288194e-09,-8.109466006455428,-8.01778256466295,9.778947,-0.115567
G0008,11.18421052631579,7.24169533059356e-09,9.157810116600951e-09,-8.140159750580228,-8.038208365631137,9.778947,-0.115567
G0008,11.947368421052632,6.779120078198817e-09,7.948028138222522e-09,-8.16882667338702,-8.099740604036663,9.778947,-0.115567
G0008,12.710526315789474,6.372092164600959e-09,6.5089604517668325e-09,-8.195717951281429,-8.186488367209325,9.778947,-0.115567
G0008,13.473684210526317,6.011172881840357e-09,7.911365617215299e-09,-8.221040781505748,-8.101748544463018,9.778947,-0.115567
G0008,14.23684210526316,5.688947348433018e-09,5.525490009503927e-09,-8.244968085636485,-8.25762920198905,9.778947,-0.115567
G0008,15.0,5.39950967631976e-09,6.274686022646874e-09,-8.267645676202408,-8.202408000849866,9.778947,-0.115567
G0009,0.5,1.7296429329810958e-07,2.0172021975906885e-07,-6.762043543253524,-6.695250567381341,9.926316,-0.292755
G0009,1.263157894736842,6.846503276383505e-08,7.322771114915862e-08,-7.164531179676283,-7.135324540229191,9.926316,-0.292755
G0009,2.026315789473684,4.2679500943689394e-08,5.3971928811453916e-08,-7.369780667473178,-7.267832061141701,9.926316,-0.292755
G0009,2.7894736842105265,3.1003033704378143e-08,3.617271616019824e-08,-7.508595807565466,-7.44161887943033,9.926316,-0.292755
G0009,3.5526315789473686,2.4343122760474684e-08,2.7727713401135312e-08,-7.613623710795702,-7.557085943556468,9.926316,-0.292755
G0009,4.315789473684211,2.0038546174780993e-08,2.5111649110950868e-08,-7.698133790348393,-7.600124765731177,9.926316,-0.292755
G0009,5.078947368421053,1.7027572915357938e-08,1.9316373615055623e-08,-7.768847251308469,-7.714074403117011,9.926316,-0.292755
G0009,5.842105263157895,1.4803250327315685e-08,2.0155716543939225e-08,-7.829642916751334,-7.695601757890622,9.926316,-0.292755
G0009,6.605263157894737,1.3092914632127817e-08,1.6139433194297452e-08,-7.882963663781734,-7.792111721467194,9.926316,-0.292755
G0009,7.36842105263158,1.1736862759514582e-08,1.3317564069397192e-08,-7.930447973642915,-7.875575205193125,9.926316,-0.292755
G0009,8.131578947368421,1.0635344895353018e-08,1.0319126459173537e-08,-7.97324842172553,-7.986357065307421,9.926316,-0.292755
G0009,8.894736842105264,9.722844889538704e-09,1.0110610540359926e-08,-8.01220664257835,-7.995222618266237,9.926316,-0.292755
G0009,9.657894736842106,8.95455469390758e-09,1.185025321783266e-08,-8.047956006552784,-7.926272369490797,9.926316,-0.292755
G0009,10.421052631578949,8.298791850161822e-09,9.829589529633051e-09,-8.080985128226208,-8.007464617339517,9.926316,-0.292755
G0009,11.18421052631579,7.7325213474449e-09,8.946605799841379e-09,-8.111678872351007,-8.048341697866851,9.926316,-0.292755
G0009,11.947368421052632,7.2385937723878475e-09,1.0091604754815241e-08,-8.140345795157799,-7.99603976728686,9.926316,-0.292755
G0009,12.710526315789474,6.8039784113128e-09,7.094351394077931e-09,-8.167237073052208,-8.149087304061215,9.926316,-0.292755
G0009,13.473684210526317,6.418596821609535e-09,7.2002316401288685e-09,-8.192559903276527,-8.142653531567131,9.926316,-0.292755
G0009,14.23684210526316,6.074531557604588e-09,6.893871702525e-09,-8.216487207407265,-8.16153680323209,9.926316,-0.292755
G0009,15.0,5.7654764432703194e-09,7.272008550960337e-09,-8.239164797973187,-8.138345619110524,9.926316,-0.292755
G0010,0.5,1.8430326361838117e-07,2.050917499158633e-07,-6.734466974282258,-6.6880518093443575,10.073684,0.300661
G0010,1.263157894736842,7.295337518227588e-08,8.160352140376098e-08,-7.136954610705016,-7.088291099907607,10.073684,0.300661
G0010,2.026315789473684,4.5477428685055096e-08,4.5798308961721655e-08,-7.34220409850191,-7.339150557414282,10.073684,0.300661
G0010,2.7894736842105265,3.3035490648577755e-08,4.2248677243601464e-08,-7.481019238594199,-7.374186883750919,10.073684,0.300661
G0010,3.5526315789473686,2.593897784258697e-08,3.341926356021981e-08,-7.586047141824435,-7.476003124617874,10.073684,0.300661
G0010,4.315789473684211,2.135220737042221e-08,2.422281580372133e-08,-7.670557221377127,-7.615775373292981,10.073684,0.300661
G0010,5.078947368421053,1.814384460491835e-08,2.1954081555159742e-08,-7.741270682337203,-7.658484726806889,10.073684,0.300661
G0010,5.842105263157895,1.5773702742113703e-08,1.642931235879612e-08,-7.802066347780068,-7.7843806133774756,10.073684,0.300661
G0010,6.605263157894737,1.3951243062745982e-08,1.5834259561998775e-08,-7.855387094810467,-7.800402240195861,10.073684,0.300661
G0010,7.36842105263158,1.2506292888390148e-08,1.70106833014024e-08,-7.902871404671648,-7.7692782408807695,10.073684,0.300661
G0010,8.131578947368421,1.1332563135110814e-08,1.3674893359614783e-08,-7.945671852754264,-7.864076051722972,10.073684,0.300661
G0010,8.894736842105264,1.0360242629435623e-08,1.5347732794773873e-08,-7.984630073607083,-7.813955770508737,10.073684,0.300661
G0010,9.657894736842106,9.541585854902564e-09,1.048246027952632e-08,-8.020379437581518,-7.979536774563814,10.073684,0.300661
G0010,10.421052631578949,8.842833355427378e-09,1.1146928016087769e-08,-8.053408559254942,-7.952844803421508,10.073684,0.300661
G0010,11.18421052631579,8.239440020586452e-09,9.618031980975765e-09,-8.08410230337974,-8.016913783184627,10.073684,0.300661
G0010,11.947368421052632,7.713132177861767e-09,9.709206874903897e-09,-8.112769226186533,-8.012816245264087,10.073684,0.300661
G0010,12.710526315789474,7.250024862834868e-09,8.624764719668144e-09,-8.139660504080942,-8.064252743482925,10.073684,0.300661
G0010,13.473684210526317,6.839378923338362e-09,7.691599528979801e-09,-8.16498333430526,-8.113983335832659,10.073684,0.300661
G0010,14.23684210526316,6.472757871994901e-09,7.051613746730899e-09,-8.188910638435999,-8.15171148427083,10.073684,0.300661
G0010,15.0,6.143442120612704e-09,9.727892013267737e-09,-8.21158822900192,-8.011981259031685,10.073684,0.300661
G0011,0.5,1.960021706026487e-07,2.3153485904162297e-07,-6.707739119074478,-6.63538361393449,10.221053,0.343864
G0011,1.263157894736842,7.75841925302151e-08,7.467496036821647e-08,-7.110226755497237,-7.126824999214219,10.221053,0.343864
G0011,2.026315789473684,4.836417196688734e-08,5.3902584432952066e-08,-7.315476243294132,-7.268390411472596,10.221053,0.343864
G0011,2.7894736842105265,3.51324645419842e-08,4.4708327786572974e-08,-7.45429138338642,-7.349611573626607,10.221053,0.343864
G0011,3.5526315789473686,2.758549067740981e-08,3.121839989806528e-08,-7.559319286616656,-7.505589360506446,10.221053,0.343864
G0011,4.315789473684211,2.2707568545428813e-08,3.0835596486941536e-08,-7.6438293661693475,-7.510947646119413,10.221053,0.343864
G0011,5.078947368421053,1.929555047383588e-08,2.5331215615241603e-08,-7.714542827129423,-7.5963439684280125,10.221053,0.343864
G0011,5.842105263157895,1.6774960547073534e-08,1.9667142724002043e-08,-7.775338492572288,-7.706258730539982,10.221053,0.343864
G0011,6.605263157894737,1.4836817695021214e-08,1.6838669279048393e-08,-7.828659239602688,-7.773692232765209,10.221053,0.343864
G0011,7.36842105263158,1.3300147290894016e-08,1.428253262236532e-08,-7.876143549463869,-7.845194775305427,10.221053,0.343864
G0011,8.131578947368421,1.2051913402751861e-08,1.3360822834084253e-08,-7.918943997546484,-7.874166794757314,10.221053,0.343864
G0011,8.894736842105264,1.1017873495415162e-08,1.1255436857742009e-08,-7.957902218399305,-7.948637644046421,10.221053,0.343864
G0011,9.657894736842106,1.0147251339101702e-08,1.3578797791489869e-08,-7.993651582373739,-7.867138678924013,10.221053,0.343864
G0011,10.421052631578949,9.40414454911698e-09,1.3047095840534303e-08,-8.026680704047163,-7.884486147390252,10.221053,0.343864
G0011,11.18421052631579,8.762449979883119e-09,9.16230582686133e-09,-8.057374448171961,-8.037995216085191,10.221053,0.343864
G0011,11.947368421052632,8.20273401200512e-09,8.645323908199689e-09,-8.086041370978753,-8.063218730682886,10.221053,0.343864
G0011,12.710526315789474,7.710230313561748e-09,7.627332319498144e-09,-8.112932648873162,-8.11762733118043,10.221053,0.343864
G0011,13.473684210526317,7.273518049707665e-09,7.84447066786002e-09,-8.13825547909748,-8.10543635657462,10.221053,0.343864
G0011,14.23684210526316,6.883625215250138e-09,5.846903942928889e-09,-8.16218278322822,-8.233074041000856,10.221053,0.343864
G0011,15.0,6.5334056867549565e-09,6.9147919757884906e-09,-8.184860373794141,-8.160220880648827,10.221053,0.343864
G0012,0.5,2.080611061941881e-07,2.808570472722525e-07,-6.68180909683756,-6.551514674322811,10.368421,0.20402
G0012,1.263157894736842,8.235752120186612e-08,9.468488442578359e-08,-7.0842967332603175,-7.023719346597941,10.368421,0.20402
G0012,2.026315789473684,5.1339753476487974e-08,6.645350039580507e-08,-7.289546221057212,-7.177482137933528,10.368421,0.20402
G0012,2.7894736842105265,3.729397186499597e-08,4.2253246667902334e-08,-7.428361361149501,-7.374139914979809,10.368421,0.20402
G0012,3.5526315789473686,2.9282674205107953e-08,4.126826063518718e-08,-7.533389264379736,-7.384383835277155,10.368421,0.20402
G0012,4.315789473684211,2.4104640351765693e-08,2.9270542999050596e-08,-7.617899343932429,-7.533569220876629,10.368421,0.20402
G0012,5.078947368421053,2.04826995735211e-08,2.3461596702675586e-08,-7.688612804892505,-7.629642434864805,10.368421,0.20402
G0012,5.842105263157895,1.7807031611214295e-08,2.695497899076586e-08,-7.74940847033537,-7.569361002332767,10.368421,0.20402
G0012,6.605263157894737,1.5749645488803078e-08,1.8146153962911993e-08,-7.802729217365769,-7.741215408626852,10.368421,0.20402
G0012,7.36842105263158,1.4118432206034188e-08,1.4817743648108361e-08,-7.85021352722695,-7.829217922927546,10.368421,0.20402
G0012,8.131578947368421,1.279340135174619e-08,1.5539316052910048e-08,-7.893013975309565,-7.808568100141528,10.368421,0.20402
G0012,8.894736842105264,1.169574265588631e-08,1.3869492894387551e-08,-7.931972196162385,-7.857939417599774,10.368421,0.20402
G0012,9.657894736842106,1.0771555906511095e-08,1.4227119929882245e-08,-7.96772156013682,-7.846883007516133,10.368421,0.20402
G0012,10.421052631578949,9.982729842650436e-09,1.0814157360315149e-08,-8.000750681810244,-7.966007315154392,10.368421,0.20402
G0012,11.18421052631579,9.301555335740171e-09,1.1982300516677671e-08,-8.031444425935042,-7.92145979248241,10.368421,0.20402
G0012,11.947368421052632,8.707403122664257e-09,1.1268763693962128e-08,-8.060111348741835,-7.948123728172362,10.368421,0.20402
G0012,12.710526315789474,8.184598380309675e-09,9.103869156967932e-09,-8.087002626636243,-8.040773992690564,10.368421,0.20402
G0012,13.473684210526317,7.721017612674947e-09,9.342354995377732e-09,-8.112325456860562,-8.029543634200403,10.368421,0.20402
G0012,14.23684210526316,7.307136816431742e-09,7.991317838504257e-09,-8.136252760991301,-8.097381595805317,10.368421,0.20402
G0012,15.0,6.935370206472936e-09,1.0306774830261888e-08,-8.158930351557222,-7.986877211781972,10.368421,0.20402
G0013,0.5,2.204798741512405e-07,2.443196893684935e-07,-6.656631047665417,-6.612041532455447,10.515789,0.596067
G0013,1.263157894736842,8.727328351819936e-08,9.924290091721381e-08,-7.059118684088175,-7.003300549579945,10.515789,0.596067
G0013,2.026315789473684,5.440412479056584e-08,5.8047727311107744e-08,-7.26436817188507,-7.236214779122076,10.515789,0.596067
G0013,2.7894736842105265,3.9519977442203485e-08,4.543331735332897e-08,-7.403183311977359,-7.342625551636909,10.515789,0.596067
G0013,3.5526315789473686,3.103050080647088e-08,3.6919410895362284e-08,-7.508211215207594,-7.432745237411418,10.515789,0.596067
G0013,4.315789473684211,2.554340005410713e-08,3.2788417237602945e-08,-7.5927212947602865,-7.484279547086831,10.515789,0.596067
G0013,5.078947368421053,2.1705272584837143e-08,2.4286239810081863e-08,-7.663434755720362,-7.614639720935718,10.515789,0.596067
G0013,5.842105263157895,1.886989913907013e-08,2.2048803227445093e-08,-7.724230421163227,-7.656614978342268,10.515789,0.596067
G0013,6.605263157894737,1.6689711589137722e-08,1.7154006463480862e-08,-7.777551168193627,-7.765634430619943,10.515789,0.596067
G0013,7.36842105263158,1.4961134317405603e-08,1.6367700170876614e-08,-7.825035478054808,-7.786012339113736,10.515789,0.596067
G0013,8.131578947368421,1.3557014915448445e-08,2.0893432537025823e-08,-7.867835926137423,-7.679990204853201,10.515789,0.596067
G0013,8.894736842105264,1.23938390795076e-08,1.6330890294955273e-08,-7.906794146990243,-7.78699013861625,10.515789,0.596067
G0013,9.657894736842106,1.1414489397475662e-08,1.2547584084498317e-08,-7.942543510964677,-7.901439885320241,10.515789,0.596067
G0013,10.421052631578949,1.05785798203878e-08,1.0965615356256777e-08,-7.975572632638101,-7.959966992045913,10.515789,0.596067
G0013,11.18421052631579,9.856747314996631e-09,1.0617384886250483e-08,-8.0062663767629,-7.97398243893509,10.515789,0.596067
G0013,11.947368421052632,9.227131297078346e-09,1.0960878787286882e-08,-8.034933299569692,-7.960154624942016,10.515789,0.596067
G0013,12.710526315789474,8.673121343423538e-09,1.0361044314670176e-08,-8.061824577464101,-7.984596468795307,10.515789,0.596067
G0013,13.473684210526317,8.181870329831189e-09,9.02879302595228e-09,-8.08714740768842,-8.044370302532966,10.515789,0.596067
G0013,14.23684210526316,7.743285783500126e-09,8.070363407579958e-09,-8.111074711819159,-8.093106908604675,10.515789,0.596067
G0013,15.0,7.349329138374682e-09,1.0037932965471271e-08,-8.13375230238508,-7.998355708915282,10.515789,0.596067
G0014,0.5,2.33258671621862e-07,2.903737083483082e-07,-6.632162201954368,-6.53704270903312,10.663158,0.471832
G0014,1.263157894736842,9.233155751698705e-08,1.0584001557450766e-07,-7.034649838377126,-6.975350104913505,10.663158,0.471832
G0014,2.026315789473684,5.7557334556043875e-08,6.701707922743288e-08,-7.239899326174019,-7.173814503732172,10.663158,0.471832
G0014,2.7894736842105265,4.181051661146583e-08,4.7173670277761575e-08,-7.378714466266309,-7.326300332798848,10.663158,0.471832
G0014,3.5526315789473686,3.282899822826206e-08,2.8449738952899383e-08,-7.483742369496545,-7.545921714219189,10.663158,0.471832
G0014,4.315789473684211,2.7023870492776693e-08,3.25444912194268e-08,-7.568252449049236,-7.4875225135620305,10.663158,0.471832
G0014,5.078947368421053,2.2963288916141854e-08,2.44890321518816e-08,-7.638965910009312,-7.611028378591216,10.663158,0.471832
G0014,5.842105263157895,1.996358000367287e-08,2.1442932978915263e-08,-7.699761575452177,-7.66871581182253,10.663158,0.471832
G0014,6.605263157894737,1.7657030919583176e-08,1.9695993588449817e-08,-7.753082322482577,-7.705622105786709,10.663158,0.471832
G0014,7.36842105263158,1.5828267002912063e-08,2.024835247510648e-08,-7.800566632343758,-7.693610307761824,10.663158,0.471832
G0014,8.131578947368421,1.4342766216230996e-08,1.5134579460026526e-08,-7.843367080426373,-7.820029642148923,10.663158,0.471832
G0014,8.894736842105264,1.3112173848566208e-08,1.3451152819584806e-08,-7.882325301279193,-7.871240493228172,10.663158,0.471832
G0014,9.657894736842106,1.207606201857051e-08,1.5310866833566335e-08,-7.918074665253628,-7.815000220772829,10.663158,0.471832
G0014,10.421052631578949,1.1191703941452974e-08,1.4347510811506089e-08,-7.951103786927051,-7.843223439320111,10.663158,0.471832
G0014,11.18421052631579,1.04280347313303e-08,1.1252429036273292e-08,-7.98179753105185,-7.948753717269919,10.663158,0.471832
G0014,11.947368421052632,9.761926785936957e-09,1.2284128142147794e-08,-8.010464453858642,-7.91065566185308,10.663158,0.471832
G0014,12.710526315789474,9.175806958209893e-09,1.0607349017738709e-08,-8.03735573175305,-7.974393141152635,10.663158,0.471832
G0014,13.473684210526317,8.656083517217533e-09,1.0617691067495513e-08,-8.06267856197737,-7.973969915050035,10.663158,0.471832
G0014,14.23684210526316,8.192079040324173e-09,8.561504338107192e-09,-8.086605866108108,-8.067449918928252,10.663158,0.471832
G0014,15.0,7.775289054062066e-09,1.0043314301944675e-08,-8.10928345667403,-7.998122946003647,10.663158,0.471832
G0015,0.5,2.463976248960585e-07,3.2968771392246054e-07,-6.60836348278808,-6.481897236888086,10.810526,0.147475
G0015,1.263157894736842,9.753239318802317e-08,1.2362494251116397e-07,-7.010851119210837,-6.907893897353025,10.810526,0.147475
G0015,2.026315789473684,6.079941393539106e-08,7.64779945400883e-08,-7.216100607007732,-7.116463508958848,10.810526,0.147475
G0015,2.7894736842105265,4.416561200967086e-08,3.4614697008807073e-08,-7.354915747100021,-7.46073946552529,10.810526,0.147475
G0015,3.5526315789473686,3.4678184244630454e-08,4.2366563773179874e-08,-7.459943650330256,-7.372976758912967,10.810526,0.147475
G0015,4.315789473684211,2.8546066298933608e-08,3.38970179176545e-08,-7.544453729882949,-7.469838507073429,10.810526,0.147475
G0015,5.078947368421053,2.4256761000130112e-08,2.8454051581948184e-08,-7.615167190843024,-7.545855885528891,10.810526,0.147475
G0015,5.842105263157895,2.1088085013626633e-08,2.354677737091925e-08,-7.6759628562858895,-7.628068522326835,10.810526,0.147475
G0015,6.605263157894737,1.8651613039940683e-08,2.2327420284491213e-08,-7.729283603316289,-7.651161452518843,10.810526,0.147475
G0015,7.36842105263158,1.671983883223254e-08,2.0733337305224384e-08,-7.77676791317747,-7.683330786830924,10.810526,0.147475
G0015,8.131578947368421,1.5150663019498744e-08,1.7563871290820206e-08,-7.819568361260085,-7.755379754093917,10.810526,0.147475
G0015,8.894736842105264,1.385075406220447e-08,1.5733877736634873e-08,-7.858526582112906,-7.8031642289292575,10.810526,0.147475
G0015,9.657894736842106,1.275628030797033e-08,1.7110983830699778e-08,-7.89427594608734,-7.766725019099439,10.810526,0.147475
G0015,10.421052631578949,1.1822108265214927e-08,1.2561250023694752e-08,-7.927305067760763,-7.900967139947556,10.810526,0.147475
G0015,11.18421052631579,1.1015423230647324e-08,1.449930396726107e-08,-7.957998811885562,-7.838652845381102,10.810526,0.147475
G0015,11.947368421052632,1.0311794874504651e-08,1.2493968056118241e-08,-7.986665734692354,-7.903299608768524,10.810526,0.147475
G0015,12.710526315789474,9.692660192598574e-09,1.0629470989462308e-08,-8.013557012586762,-7.973488349030262,10.810526,0.147475
G0015,13.473684210526317,9.14366186137717e-09,1.0571952780089341e-08,-8.038879842811081,-7.975844785323948,10.810526,0.147475
G0015,14.23684210526316,8.653521022227563e-09,9.375855299715371e-09,-8.06280714694182,-8.027989103866522,10.810526,0.147475
G0015,15.0,8.213254163201951e-09,1.044888671293142e-08,-8.085484737507741,-7.980929979427276,10.810526,0.147475
G0016,0.5,2.598963990868579e-07,3.20258406106903e-07,-6.585199737688449,-6.494499462120575,10.957895,0.589573
G0016,1.263157894736842,1.0287565797188125e-07,1.1574688043053861e-07,-6.987687374111208,-6.936490705105345,10.957895,0.589573
G0016,2.026315789473684,6.413028029415975e-08,6.81625461922702e-08,-7.192936861908102,-7.166454194993129,10.957895,0.589573
G0016,2.7894736842105265,4.658520360990848e-08,5.714450951569874e-08,-7.331752002000391,-7.243025490580737,10.957895,0.589573
G0016,3.5526315789473686,3.6578011723335556e-08,4.7814026122646025e-08,-7.436779905230626,-7.320444685519219,10.957895,0.589573
G0016,4.315789473684211,3.0109948674696954e-08,3.5438313395070176e-08,-7.521289984783318,-7.450526955539059,10.957895,0.589573
G0016,5.078947368421053,2.55856558686544e-08,3.1746727171274094e-08,-7.592003445743394,-7.498301040284423,10.957895,0.589573
G0016,5.842105263157895,2.224338550743378e-08,2.5493870100040373e-08,-7.652799111186259,-7.593564231399651,10.957895,0.589573
G0016,6.605263157894737,1.9673432600200395e-08,2.357928825286032e-08,-7.706119858216659,-7.62746930833849,10.957895,0.589573
G0016,7.36842105263158,1.7635827080893924e-08,2.0387949718871453e-08,-7.75360416807784,-7.690626446146877,10.957895,0.589573
G0016,8.131578947368421,1.5980684733496113e-08,1.9588154046260667e-08,-7.796404616160455,-7.708006489237345,10.957895,0.589573
G0016,8.894736842105264,1.4609560895415086e-08,1.4865608217936462e-08,-7.8353628370132755,-7.827817317182902,10.957895,0.589573
G0016,9.657894736842106,1.3455126928202451e-08,1.7066502436608592e-08,-7.87111220098771,-7.767855472916751,10.957895,0.589573
G0016,10.421052631578949,1.246977672386439e-08,1.450560988983826e-08,-7.904141322661133,-7.838464006521919,10.957895,0.589573
G0016,11.18421052631579,1.1618897841530117e-08,1.4332505188054777e-08,-7.934835066785932,-7.843677892348113,10.957895,0.589573
G0016,11.947368421052632,1.0876721547687885e-08,1.2511585463468553e-08,-7.963501989592724,-7.902687653183726,10.957895,0.589573
G0016,12.710526315789474,1.0223667872981986e-08,1.2564077017323548e-08,-7.990393267487132,-7.900869410056396,10.957895,0.589573
G0016,13.473684210526317,9.644592934863863e-09,1.0283206119454489e-08,-8.01571609771145,-7.987871458988393,10.957895,0.589573
G0016,14.23684210526316,9.127599967930312e-09,1.2196770750733056e-08,-8.03964340184219,-7.913755139061193,10.957895,0.589573
G0016,15.0,8.663213302895263e-09,8.631254890574015e-09,-8.062320992408111,-8.063926058000687,10.957895,0.589573
G0017,0.5,2.737551405894118e-07,2.929104261715654e-07,-6.562637716869071,-6.5332651692941965,11.105263,0.264967
G0017,1.263157894736842,1.0836140981664217e-07,1.320598093301089e-07,-6.96512535329183,-6.879229334103304,11.105263,0.264967
G0017,2.026315789473684,6.754996975582887e-08,9.261058734829647e-08,-7.170374841088725,-7.033339361437857,11.105263,0.264967
G0017,2.7894736842105265,4.906931765281909e-08,6.005188958039312e-08,-7.309189981181013,-7.221473322625326,11.105263,0.264967
G0017,3.5526315789473686,3.8528501268139433e-08,4.473725223652125e-08,-7.414217884411249,-7.349330693801371,11.105263,0.264967
G0017,4.315789473684211,3.1715534580480633e-08,3.2567654102611874e-08,-7.49872796396394,-7.487213523196966,11.105263,0.264967
G0017,5.078947368421053,2.6949987933672658e-08,3.1472595414531783e-08,-7.569441424924016,-7.502067441143613,11.105263,0.264967
G0017,5.842105263157895,2.3429494014409115e-08,2.7836859356017792e-08,-7.630237090366881,-7.555379764797525,11.105263,0.264967
G0017,6.605263157894737,2.0722500682067023e-08,2.901650153506473e-08,-7.683557837397281,-7.537354950809594,11.105263,0.264967
G0017,7.36842105263158,1.8576241682852946e-08,2.3511790490521953e-08,-7.731042147258462,-7.628714296840838,11.105263,0.264967
G0017,8.131578947368421,1.6832840359866743e-08,1.7092077957985508e-08,-7.773842595341077,-7.767205135007327,11.105263,0.264967
G0017,8.894736842105264,1.538860257751131e-08,2.2220927763287992e-08,-7.8128008161938975,-7.653237812448931,11.105263,0.264967
G0017,9.657894736842106,1.417260945830742e-08,1.6212279660998846e-08,-7.848550180168332,-7.790155913308025,11.105263,0.264967
G0017,10.421052631578949,1.3134716341411172e-08,1.4291638718639257e-08,-7.881579301841755,-7.844917970952983,11.105263,0.264967
G0017,11.18421052631579,1.2238465108703114e-08,1.6797596201695386e-08,-7.912273045966554,-7.774752862978468,11.105263,0.264967
G0017,11.947368421052632,1.1456712932156e-08,1.3571175792295508e-08,-7.940939968773346,-7.867382523896305,11.105263,0.264967
G0017,12.710526315789474,1.0768835758175618e-08,1.2353365352358214e-08,-7.967831246667755,-7.908214714075601,11.105263,0.264967
G0017,13.473684210526317,1.0158882170310202e-08,1.2359960561326931e-08,-7.993154076892074,-7.907982915009777,11.105263,0.264967
G0017,14.23684210526316,9.6143210188518e-09,1.2433081903761176e-08,-8.017081381022813,-7.905421205397292,11.105263,0.264967
G0017,15.0,9.125171352980393e-09,1.1969195523510126e-08,-8.039758971588734,-7.921935038519354,11.105263,0.264967
G0018,0.5,2.879738494037205e-07,2.973015590020352e-07,-6.540646948266145,-6.526802813417982,11.252632,0.889851
G0018,1.263157894736842,1.1398964872230605e-07,1.6417681737079233e-07,-6.943134584688903,-6.784688167549957,11.252632,0.889851
G0018,2.026315789473684,7.105848232039855e-08,9.279292498933164e-08,-7.148384072485798,-7.032485135367631,11.252632,0.889851
G0018,2.7894736842105265,5.1617954138402726e-08,5.9141886484120594e-08,-7.287199212578086,-7.228104826638157,11.252632,0.889851
G0018,3.5526315789473686,4.0529652879042145e-08,4.4380458949197024e-08,-7.392227115808322,-7.35280821093517,11.252632,0.889851
G0018,4.315789473684211,3.3362824016284694e-08,3.596221779775163e-08,-7.476737195361014,-7.444153533078263,11.252632,0.889851
G0018,5.078947368421053,2.834975719518492e-08,3.4167416670349244e-08,-7.5474506563210895,-7.466387856092208,11.252632,0.889851
G0018,5.842105263157895,2.464641053455265e-08,2.7470443355672363e-08,-7.608246321763954,-7.56113433128318,11.252632,0.889851
G0018,6.605263157894737,2.1798817285540597e-08,2.400402193197042e-08,-7.661567068794354,-7.619715985100018,11.252632,0.889851
G0018,7.36842105263158,1.9541082638109603e-08,2.518872290916977e-08,-7.709051378655535,-7.598793851063238,11.252632,0.889851
G0018,8.131578947368421,1.7707129898610642e-08,2.1855440278006782e-08,-7.751851826738151,-7.66044044022064,11.252632,0.889851
G0018,8.894736842105264,1.618787910849316e-08,1.8518408147328165e-08,-7.790810047590971,-7.732396348245024,11.252632,0.889851
G0018,9.657894736842106,1.4908727898285254e-08,1.907559794172872e-08,-7.826559411565405,-7.719521839809609,11.252632,0.889851
G0018,10.421052631578949,1.3816927117855273e-08,1.8774784866687558e-08,-7.859588533238829,-7.726425030715046,11.252632,0.889851
G0018,11.18421052631579,1.2874125032166326e-08,1.3694785638446469e-08,-7.890282277363628,-7.86344476127555,11.252632,0.889851
G0018,11.947368421052632,1.2051769027909006e-08,1.349484410905692e-08,-7.91894920017042,-7.869832128000195,11.252632,0.889851
G0018,12.710526315789474,1.132816384817948e-08,1.4787087222111436e-08,-7.945840478064828,-7.830117365418034,11.252632,0.889851
G0018,13.473684210526317,1.0686529567716189e-08,1.3653147812065393e-08,-7.971163308289147,-7.864767207978232,11.252632,0.889851
G0018,14.23684210526316,1.0113684174992033e-08,1.2314603007163376e-08,-7.995090612419886,-7.909579584196567,11.252632,0.889851
G0018,15.0,9.599128313457348e-09,1.2794505802655496e-08,-8.017768202985808,-7.892976484401626,11.252632,0.889851
G0019,0.5,3.025523716981451e-07,3.2205273202867785e-07,-6.5191994382979725,-6.49207301229771,11.4,0.685022
G0019,1.263157894736842,1.1976031379718242e-07,1.2226342470841618e-07,-6.92168707472073,-6.912703443397079,11.4,0.685022
G0019,2.026315789473684,7.465578002941242e-08,8.134168729286592e-08,-7.126936562517625,-7.089686823148781,11.4,0.685022
G0019,2.7894736842105265,5.4231085493063737e-08,6.535447117255503e-08,-7.265751702609913,-7.184724695166172,11.4,0.685022
G0019,3.5526315789473686,4.2581444905664864e-08,4.673702839352748e-08,-7.370779605840149,-7.330338904124368,11.4,0.685022
G0019,4.315789473684211,3.5051799160150955e-08,3.972006263907858e-08,-7.455289685392841,-7.400990075287816,11.4,0.685022
G0019,5.078947368421053,2.9784948509143813e-08,3.2085396537570346e-08,-7.526003146352917,-7.493692588973243,11.4,0.685022
G0019,5.842105263157895,2.5894121902093496e-08,2.8943478971248443e-08,-7.586798811795782,-7.538449268406747,11.4,0.685022
G0019,6.605263157894737,2.2902370765995043e-08,2.4594047003965067e-08,-7.640119558826181,-7.609170001278583,11.4,0.685022
G0019,7.36842105263158,2.053033950808841e-08,2.534728056678636e-08,-7.687603868687362,-7.596068627975266,11.4,0.685022
G0019,8.131578947368421,1.8603543890824454e-08,2.3942539608746082e-08,-7.730404316769977,-7.620829785443072,11.4,0.685022
G0019,8.894736842105264,1.700738184101999e-08,1.9285836366289957e-08,-7.769362537622798,-7.714761522398748,11.4,0.685022
G0019,9.657894736842106,1.5663474284100153e-08,1.8262528870652085e-08,-7.805111901597233,-7.738439084494746,11.4,0.685022
G0019,10.421052631578949,1.4516401672385746e-08,1.6291927740913673e-08,-7.838141023270656,-7.788027524794734,11.4,0.685022
G0019,11.18421052631579,1.35258707347406e-08,1.6969040978474803e-08,-7.868834767395454,-7.77034270155537,11.4,0.685022
G0019,11.947368421052632,1.2661883397058932e-08,1.5208227558981853e-08,-7.897501690202247,-7.817921397794984,11.4,0.685022
G0019,12.710526315789474,1.1901646091645457e-08,1.6517365116908042e-08,-7.924392968096655,-7.782059231014073,11.4,0.685022
G0019,13.473684210526317,1.122752941848585e-08,1.1942001160387382e-08,-7.949715798320974,-7.922922890954456,11.4,0.685022
G0019,14.23684210526316,1.06256840337611e-08,1.3112346909621626e-08,-7.973643102451713,-7.882319569280344,11.4,0.685022
G0019,15.0,1.0085079056604836e-08,1.2545036177751656e-08,-7.996320693017634,-7.90152808191611,11.4,0.685022
